760.,2010-09-20 04:49:15,97.81,100%,One essential rule: make sure the joke is the last possible ...,Win (1 of 4)
759.,2010-09-20 04:48:22,103.42,100%,"If you are given too many choices, if you are forced to cons...",Win (1 of 3)
758.,2010-09-20 04:47:36,90.79,100%,"Finally, gentlemen, there are people with an hereditary anim...",Win (1 of 3)
757.,2010-09-20 04:46:08,92.99,100%,"A computer needs a manager to administer its operations, jus...",Win (1 of 4)
756.,2010-09-20 04:43:24,92.41,100%,"Everyone said I was daft to build a castle on a swamp, but I...",Win (1 of 4)
755.,2010-09-20 04:41:32,99.30,100%,"Well, the way they make shows is, they make one show. That s...",No win (2 of 2)
754.,2010-09-20 04:39:36,104.05,100%,"The world of typing has changed. In the 1970s, every busines...",Win (1 of 2)
753.,2010-09-20 04:38:43,96.77,100%,"Alfred Hitchcock once said, ""Drama is life with the dull bit...",No win (2 of 2)
752.,2010-09-20 04:37:42,92.09,100%,The invention of the wheel represented a major turning point...,No win (3 of 3)
751.,2010-09-20 04:36:41,98.10,100%,Imagine for a moment if we once again knew these few unremar...,Win (1 of 2)
750.,2010-09-17 14:47:56,90.35,100%,"When you are typing on a typewriter, your input appears dire...",No win (2 of 3)
749.,2010-09-17 14:47:16,93.69,100%,There was a stage and a PA up in western Massachusetts and t...,No win (3 of 5)
748.,2010-09-17 14:46:22,93.36,100%,"That day, for no particular reason, I decided to go for a li...",No win (4 of 5)
747.,2010-09-17 14:44:33,85.68,100%,The recipe for turning fruit into wine goes something like t...,No win (2 of 2)
746.,2010-09-17 14:43:05,104.85,100%,"Ticking away the moments that make up a dull day, you fritte...",No win (2 of 5)
745.,2010-09-17 14:40:48,86.38,100%,"It may seem quite novelistic to you, and I am willing to agr...",Win (1 of 3)
744.,2010-09-17 14:39:52,99.65,100%,In order to face down the danger that is stalking us and mov...,No win (2 of 5)
743.,2010-09-17 14:38:49,100.22,100%,He canceled all his commitments and pulled together the most...,Win (1 of 3)
742.,2010-09-17 14:37:52,96.47,100%,"As the netted bag says, this potato was grown in Idaho, that...",Win (1 of 3)
741.,2010-09-17 14:36:58,108.21,100%,I have quit three jobs and been fired from all the rest. Get...,Win (1 of 4)
740.,2010-09-16 05:04:40,99.40,100%,Mac knew the score even if Aunt Ella didn't. Shot through th...,Win (1 of 3)
739.,2010-09-16 05:03:24,101.30,100%,San Francisco in the middle sixties was a very special time ...,No win (2 of 4)
738.,2010-09-16 05:02:40,97.38,100%,"It turned out that the sweet-talking, tattoo-sporting pikey ...",Win (1 of 3)
737.,2010-09-16 05:01:47,107.41,100%,"There was me, that is Alex, and my three droogs, that is Pet...",Win (1 of 4)
736.,2010-09-16 05:00:34,92.46,100%,The recipe for turning fruit into wine goes something like t...,No win (1 of 1)
735.,2010-09-16 04:58:41,113.53,100%,The example of painting can teach us not only how to manage ...,Win (1 of 5)
734.,2010-09-16 04:57:50,100.44,100%,All that year the animals worked like slaves. But they were ...,No win (2 of 4)
733.,2010-09-16 04:56:57,104.92,100%,There's sometimes a buggy. How many drivers does a buggy hav...,Win (1 of 3)
732.,2010-09-16 04:55:53,102.53,100%,But the two men were not lonely at all. At home they were co...,No win (2 of 4)
731.,2010-09-16 04:55:04,105.22,100%,For it is not enough to have a good mind; the main thing is ...,Win (1 of 5)
730.,2010-09-15 10:16:33,93.92,100%,"Let's sort the buyers from the spiers, the needy from the gr...",No win (1 of 1)
729.,2010-09-15 10:15:28,89.57,100%,Overhead the albatross hangs motionless upon the air and dee...,No win (4 of 5)
728.,2010-09-15 10:14:45,94.10,100%,There's a hole in the world like a great black pit. And the ...,No win (2 of 5)
727.,2010-09-15 10:14:05,99.16,100%,"When we pulled out into the winter night and the real snow, ...",Win (1 of 5)
726.,2010-09-15 10:12:13,90.84,100%,It's the possibility of having a dream come true that makes ...,Win (1 of 2)
725.,2010-09-15 10:10:40,99.73,100%,"I can feel the heat closing in, feel them out there making t...",No win (2 of 5)
724.,2010-09-15 10:09:47,105.42,100%,"People get ready, there's a train coming. You don't need no ...",Win (1 of 5)
723.,2010-09-15 10:08:34,90.22,100%,"Everyone said I was daft to build a castle on a swamp, but I...",No win (2 of 4)
722.,2010-09-15 10:07:28,104.79,100%,At the time when Britain faced a plunge into chaos and darkn...,Win (1 of 2)
721.,2010-09-15 10:06:26,90.70,100%,So what's in this for you? Should you rush out in search of ...,No win (2 of 4)
720.,2010-09-15 04:47:23,90.93,100%,"And today, Lady Liberty is under attack from the cable chann...",Win (1 of 3)
719.,2010-09-15 04:44:48,108.41,100%,"The problem is, Willie, is that Charles and yourself are not...",No win (2 of 4)
718.,2010-09-15 04:44:13,95.88,100%,"Burning my bridges and smashing my mirrors, turning to see i...",Win (1 of 5)
717.,2010-09-15 04:43:03,118.38,100%,"Life is not suffering; it's just that you will suffer it, ra...",Win (1 of 4)
716.,2010-09-15 04:41:34,94.92,100%,Few smart kids can spare the attention that popularity requi...,No win (2 of 3)
715.,2010-09-15 04:39:46,106.23,100%,It is possible that I already had some presentiment of my fu...,No win (3 of 3)
714.,2010-09-15 04:39:00,93.34,100%,"A long time ago, I was in Burma, my friends and I were worki...",No win (3 of 3)
713.,2010-09-15 04:37:27,92.10,100%,Since the 1980s virtually all the sodas and most of the frui...,Win (1 of 2)
712.,2010-09-15 04:36:06,103.63,100%,"Life is not suffering; it's just that you will suffer it, ra...",Win (1 of 5)
711.,2010-09-15 04:35:28,104.65,100%,"The world of typing has changed. In the 1970s, every busines...",Win (1 of 3)
710.,2010-09-14 12:39:00,107.86,100%,It is possible that I already had some presentiment of my fu...,Win (1 of 4)
709.,2010-09-14 12:37:29,102.78,100%,Always do your best - your best is going to change from mome...,Win (1 of 3)
708.,2010-09-14 12:36:22,115.62,100%,The time has come for man to set himself a goal. The time ha...,Win (1 of 4)
707.,2010-09-14 12:35:18,102.79,100%,There are still some places where you can get all you can ea...,Win (1 of 4)
706.,2010-09-14 12:33:58,107.89,100%,All that year the animals worked like slaves. But they were ...,Win (1 of 3)
705.,2010-09-14 12:33:11,90.46,100%,"Today, computers have taken this ancient art out of the craf...",No win (2 of 5)
704.,2010-09-14 12:32:01,109.45,100%,Don't make assumptions - find the courage to ask questions a...,Win (1 of 3)
703.,2010-09-14 12:31:11,96.68,100%,We may climb into the thin and cold realm of pure geometry a...,Win (1 of 3)
702.,2010-09-14 12:30:24,93.04,100%,"According to the popular story, the keyboard invented by Aug...",Win (1 of 2)
701.,2010-09-14 12:28:59,98.69,100%,"When we pulled out into the winter night and the real snow, ...",Win (1 of 5)
700.,2010-09-14 05:06:31,100.22,100%,"In the witch trials, it was nearly impossible to provide com...",No win (3 of 3)
699.,2010-09-14 05:05:27,93.02,100%,"You have a class of young strong men and women, and they wan...",No win (3 of 5)
698.,2010-09-14 05:04:39,94.64,100%,Is this the real life? Is this just fantasy? Caught in a lan...,Win (1 of 4)
697.,2010-09-14 05:03:45,90.37,100%,Facts can be thought of as objective or subjective. Things a...,No win (2 of 5)
696.,2010-09-14 05:02:56,94.90,100%,Convection also plays a minor role because of the relative t...,No win (3 of 3)
695.,2010-09-14 05:01:40,97.19,100%,"Warmer water increases the moisture content of storms, and w...",No win (2 of 3)
694.,2010-09-14 04:59:44,104.48,100%,I have quit three jobs and been fired from all the rest. Get...,Win (1 of 3)
693.,2010-09-14 04:58:27,103.66,100%,"Alfred Hitchcock once said, ""Drama is life with the dull bit...",Win (1 of 4)
692.,2010-09-14 04:57:07,87.35,100%,Glancing through the 1977 Atlanta Yellow Pages reveals a cit...,Win (1 of 2)
691.,2010-09-14 04:55:59,103.57,100%,Quality humor doesn't just deliver one gag and then tax the ...,Win (1 of 3)
690.,2010-09-13 10:08:36,102.65,100%,"This planet has, or rather had, a problem, which was this: m...",No win (2 of 3)
689.,2010-09-13 10:07:21,107.93,100%,Come sail your ships around me and burn your bridges down. W...,Win (1 of 2)
688.,2010-09-13 10:06:16,107.27,100%,Humans need to practice what they are learning a good deal b...,No win (3 of 4)
687.,2010-09-13 10:05:32,101.53,100%,It is possible that I already had some presentiment of my fu...,Win (1 of 5)
686.,2010-09-13 10:04:40,101.41,100%,You've got a way to keep me on your side. You give me cause ...,No win (3 of 4)
685.,2010-09-13 10:03:48,95.72,100%,From compositional considerations the tomato layer would be ...,Win (1 of 2)
684.,2010-09-13 10:03:02,93.80,100%,"I don't want tickets, I need you to find me a painting, a cl...",Win (1 of 2)
683.,2010-09-13 10:02:02,97.48,100%,And I will strike down upon thee with great vengeance and fu...,Win (1 of 5)
682.,2010-09-13 10:00:59,103.73,100%,The time has come for man to set himself a goal. The time ha...,Win (1 of 5)
681.,2010-09-13 09:59:48,84.13,100%,"In May 1980, Fidel Castro opened the harbor at Mariel, Cuba ...",Win (1 of 4)
680.,2010-09-13 05:15:29,110.04,100%,The example of painting can teach us not only how to manage ...,Win (1 of 3)
679.,2010-09-13 05:14:45,84.85,100%,"Geometry sets out from certain conceptions such as ""plane,"" ...",No win (2 of 3)
678.,2010-09-13 05:13:23,93.61,100%,"There are men who possess a peculiarly strong visual memory,...",Win (1 of 3)
677.,2010-09-13 05:12:13,94.42,100%,There was a stage and a PA up in western Massachusetts and t...,No win (2 of 2)
676.,2010-09-13 05:10:17,104.86,100%,"A computer needs a manager to administer its operations, jus...",Win (1 of 5)
675.,2010-09-13 05:09:19,71.94,100%,"Because they're at the bottom of the scale, nerds are a safe...",No win (4 of 5)
674.,2010-09-13 05:07:50,96.55,100%,"Every craft and every investigation, and likewise every acti...",No win (2 of 4)
673.,2010-09-13 05:05:29,100.80,100%,"Today, you people are no longer maggots. Today, you are Mari...",Win (1 of 3)
672.,2010-09-13 05:04:32,97.97,100%,It is greatly to America's advantage that it is a congenial ...,No win (2 of 3)
671.,2010-09-13 05:03:29,95.84,100%,The truth of the matter is that there are a lot of available...,Win (1 of 3)
670.,2010-09-12 11:07:44,102.82,100%,Any finite number divided by infinity is as near to nothing ...,Win (1 of 2)
669.,2010-09-12 11:06:30,101.48,100%,The theory of music emphasizes the elements from which music...,Win (1 of 2)
668.,2010-09-12 11:05:34,90.51,100%,I must nevertheless point out that our profession very close...,Win (1 of 5)
667.,2010-09-12 11:04:32,96.31,100%,"They say that right after God created man, he took a rib fro...",Win (1 of 3)
666.,2010-09-12 11:03:26,96.36,100%,"Has it been five years? Six? It seems like a lifetime, the k...",Win (1 of 5)
665.,2010-09-12 11:02:20,106.53,100%,All time is all time. It does not change. It does not lend i...,Win (1 of 4)
664.,2010-09-12 11:01:29,95.79,100%,We live in a charmed world. If we have money we can buy lite...,Win (1 of 2)
663.,2010-09-12 11:00:08,94.86,100%,One essential rule: make sure the joke is the last possible ...,Win (1 of 4)
662.,2010-09-12 10:59:20,93.08,100%,"It may seem quite novelistic to you, and I am willing to agr...",Win (1 of 5)
661.,2010-09-12 10:58:16,104.76,100%,In order to become an elf I filled out ten pages' worth of f...,Win (1 of 4)
660.,2010-09-11 17:26:30,88.97,100%,The treatment of atoms with more than one electron requires ...,Win (1 of 3)
659.,2010-09-11 17:25:14,93.87,100%,I've always wondered about this coat business. When I'm in a...,No win (2 of 5)
658.,2010-09-11 17:24:22,96.11,100%,Step out the front door like a ghost into the fog where no o...,Win (1 of 5)
657.,2010-09-11 17:23:28,87.86,100%,"Wilkinson County was a recipient of one of the new ""separate...",Win (1 of 3)
656.,2010-09-11 17:22:12,101.16,100%,Is it sweeter to exist only in the mind or to exist both in ...,No win (2 of 4)
655.,2010-09-11 17:21:05,90.51,100%,"That's Tommy. He tells people he was named after a gun, but ...",Win (1 of 3)
654.,2010-09-11 17:20:14,97.93,100%,"Look, you should admit to yourself that Microsoft will miss ...",No win (2 of 2)
653.,2010-09-11 17:19:20,109.91,100%,The odds are that you will generally meet the worst of them....,Win (1 of 3)
652.,2010-09-11 17:18:05,93.97,100%,So my heart goes out to them. Figuratively. I would never ac...,No win (1 of 1)
651.,2010-09-11 17:17:00,94.15,100%,"Picking up the pieces, half alive in a nine 'til five, vacan...",Win (1 of 3)
650.,2010-09-10 12:09:42,98.15,100%,"There was me, that is Alex, and my three droogs, that is Pet...",Win (1 of 2)
649.,2010-09-10 12:08:48,103.00,100%,"Comfortable, Mullet? It seems sadly ironic that it's that ti...",No win (2 of 5)
648.,2010-09-10 12:08:08,113.43,100%,We sit silently and watch the world around us. This has take...,No win (1 of 1)
647.,2010-09-10 12:06:56,97.41,100%,"He's got a two day head start on you, which is more than he ...",Win (1 of 3)
646.,2010-09-10 12:06:02,94.49,100%,The recipe for turning fruit into wine goes something like t...,Win (1 of 3)
645.,2010-09-10 12:04:40,82.34,100%,"Whether you're a student, secretary, office administrator, m...",No win (2 of 3)
644.,2010-09-10 12:03:49,97.38,100%,"Imagine considering ""if"" as a two-finger movement instead of...",Win (1 of 4)
643.,2010-09-10 12:02:46,98.46,100%,It is greatly to America's advantage that it is a congenial ...,Win (1 of 3)
642.,2010-09-10 12:01:45,106.83,100%,"People get ready, there's a train coming. You don't need no ...",Win (1 of 4)
641.,2010-09-10 12:01:00,102.25,100%,"We turn away to face the cold, enduring chill, as the day be...",No win (2 of 4)
640.,2010-09-09 04:55:32,98.13,100%,"This was the most delicious meal he'd had in recent years, a...",Win (1 of 4)
639.,2010-09-09 04:54:38,90.29,100%,He had spent enormous amounts of time at the great libraries...,Win (1 of 3)
638.,2010-09-09 04:53:24,93.11,100%,The treatment of atoms with more than one electron requires ...,No win (2 of 4)
637.,2010-09-09 04:52:09,110.41,100%,Language is one of the keys to being human. It allows us to ...,Win (1 of 4)
636.,2010-09-09 04:51:21,104.66,100%,"Your face has fallen sad now, for you know the time is nigh....",No win (3 of 4)
635.,2010-09-09 04:50:26,93.83,100%,Once you get into the processed foods you have to be a fairl...,Win (1 of 5)
634.,2010-09-09 04:49:17,115.09,100%,A glooming peace this morning with it brings. The sun for so...,Win (1 of 4)
633.,2010-09-09 04:47:30,102.58,100%,I had the impression of being abandoned by everyone when the...,Win (1 of 3)
632.,2010-09-09 04:45:41,101.03,100%,"Whether they use the title or not, many lyrics have evocativ...",No win (2 of 4)
631.,2010-09-09 04:44:55,94.46,100%,"Often, we assume that a familiar situation will be but a rep...",Win (1 of 3)
630.,2010-09-08 15:22:53,100.17,100%,"The problem is, Willie, is that Charles and yourself are not...",No win (2 of 5)
629.,2010-09-08 15:22:04,97.45,100%,"When we conceive of the sweetest being ever, we are conceivi...",No win (2 of 5)
628.,2010-09-08 15:20:52,100.19,100%,"I had a job, I had a girl. I had something going, mister, in...",Win (1 of 3)
627.,2010-09-08 15:19:50,100.76,100%,Groups of illegal miners smuggle themselves down in freight ...,No win (2 of 2)
626.,2010-09-08 15:18:45,97.86,100%,"There is no pain, you are receding. A distant ship smoke on ...",No win (2 of 4)
625.,2010-09-08 15:17:45,97.99,100%,Step out the front door like a ghost into the fog where no o...,No win (3 of 5)
624.,2010-09-08 15:16:46,95.99,100%,"Good games stay within, but at the outer edge, of the player...",No win (3 of 5)
623.,2010-09-08 15:15:59,82.18,100%,"Historian James C. Cobb has described southern identity as ""...",No win (2 of 3)
622.,2010-09-08 15:14:59,97.04,100%,"That's Tommy. He tells people he was named after a gun, but ...",No win (2 of 5)
621.,2010-09-08 15:14:24,96.08,100%,Don't make assumptions - find the courage to ask questions a...,No win (3 of 5)
620.,2010-09-08 05:08:19,103.22,100%,"A computer needs a manager to administer its operations, jus...",Win (1 of 3)
619.,2010-09-08 05:07:28,102.94,100%,"It was a marvelous night, the sort of night one only experie...",Win (1 of 4)
618.,2010-09-08 05:06:29,109.35,100%,I have quit three jobs and been fired from all the rest. Get...,Win (1 of 2)
617.,2010-09-08 05:05:27,98.48,100%,In order to face down the danger that is stalking us and mov...,No win (3 of 4)
616.,2010-09-08 05:04:27,83.20,100%,Do you know what they call a Quarter-pounder with cheese in ...,No win (3 of 4)
615.,2010-09-08 05:03:46,84.50,100%,"Listen, strange women lyin' in ponds distributin' swords is ...",No win (2 of 3)
614.,2010-09-08 05:02:53,94.04,100%,Since every piece of matter in the Universe is in some way a...,No win (2 of 4)
613.,2010-09-08 05:01:54,92.21,100%,"Well, it just so happens, this hacienda comes with its very ...",No win (3 of 3)
612.,2010-09-08 05:00:48,104.65,100%,Any finite number divided by infinity is as near to nothing ...,No win (2 of 3)
611.,2010-09-08 04:59:32,94.61,100%,"Comfortable, Mullet? It seems sadly ironic that it's that ti...",Win (1 of 5)
610.,2010-09-07 13:35:37,92.39,100%,"I'm so glad you came, I'm so glad you remembered, the walkin...",No win (2 of 4)
609.,2010-09-07 13:34:07,86.27,100%,"It turned out that the sweet-talking, tattoo-sporting pikey ...",Win (1 of 3)
608.,2010-09-07 13:32:55,96.05,100%,Popularity is only partially about individual attractiveness...,No win (2 of 3)
607.,2010-09-07 13:32:00,96.58,100%,I had the impression of being abandoned by everyone when the...,No win (3 of 3)
606.,2010-09-07 13:30:27,102.33,100%,There is something about yourself that you don't know. Somet...,Win (1 of 3)
605.,2010-09-07 13:28:37,91.17,100%,Facts can be thought of as objective or subjective. Things a...,Win (1 of 3)
604.,2010-09-07 13:27:26,100.69,100%,To an outsider's ear it sounds absurdly wild and ridiculous ...,Win (1 of 2)
603.,2010-09-07 13:26:35,101.56,100%,If there is one thing the history of evolution has taught us...,No win (2 of 4)
602.,2010-09-07 13:25:53,88.21,100%,We began to recognize in them a strange obsession. After all...,No win (2 of 3)
601.,2010-09-07 13:24:29,102.47,100%,"Combat for a naval aviator is fought in short, violent burst...",Win (1 of 3)
600.,2010-09-07 10:59:37,97.42,100%,There's a piece of Maria in every song that I sing. And the ...,No win (3 of 5)
599.,2010-09-07 10:58:38,96.28,100%,"Ticking away the moments that make up a dull day, you fritte...",No win (3 of 5)
598.,2010-09-07 10:56:33,97.45,100%,"Ever since I was a child, folks have thought they had me peg...",No win (4 of 4)
597.,2010-09-07 10:56:06,90.69,100%,I have quit three jobs and been fired from all the rest. Get...,No win (2 of 5)
596.,2010-09-07 10:55:10,86.47,100%,"I was shaking like a leaf, so without thinking I lit up a ci...",No win (2 of 5)
595.,2010-09-07 10:54:03,87.08,100%,The chemistry of an element is determined by the manner in w...,No win (2 of 3)
594.,2010-09-07 10:53:08,95.27,100%,"Let's sort the buyers from the spiers, the needy from the gr...",No win (2 of 3)
593.,2010-09-07 10:51:47,87.04,100%,The chemistry of an element is determined by the manner in w...,Win (1 of 5)
592.,2010-09-07 10:50:40,97.37,100%,"Some pilots like the excitement of our missions, knowing tha...",Win (1 of 2)
591.,2010-09-07 10:48:50,97.47,100%,There are two places on Earth that serve as canaries in the ...,Win (1 of 2)
590.,2010-06-24 08:51:49,107.24,100%,"And you know it's time to go, through the sleet and driving ...",No win (2 of 2)
589.,2010-06-24 08:49:59,97.98,100%,"In the witch trials, it was nearly impossible to provide com...",Win (1 of 3)
588.,2010-06-24 08:48:49,97.46,100%,It takes more than a calorie of fossil fuel energy to produc...,No win (2 of 3)
587.,2010-06-24 08:46:38,99.04,100%,Groups of illegal miners smuggle themselves down in freight ...,Win (1 of 3)
586.,2010-06-24 08:45:45,85.92,100%,"She looked terrific. I said to myself, ""Maybe she's going to...",Win (1 of 2)
585.,2010-06-24 08:44:18,84.98,100%,"The result has been the emergence of what some call the ""win...",Win (1 of 2)
584.,2010-06-24 08:43:13,104.36,100%,"I had a dream. There was our world, and the world was dark b...",Win (1 of 2)
583.,2010-06-24 08:42:18,96.25,100%,"Imagine a vast sheet of paper on which straight Lines, Trian...",No win (1 of 1)
582.,2010-06-24 08:41:03,100.89,100%,Humans need to practice what they are learning a good deal b...,No win (2 of 3)
581.,2010-06-24 08:39:39,111.16,100%,"When we conceive of the sweetest being ever, we are conceivi...",Win (1 of 3)
580.,2010-05-10 09:32:32,95.99,100%,We've known each other for many years but this is the first ...,Win (1 of 4)
579.,2010-05-10 09:31:22,101.10,100%,"The only people for me are the mad ones, the ones who are ma...",No win (2 of 3)
578.,2010-05-10 09:30:06,95.17,100%,"The Orient was almost a European invention, and had been sin...",Win (1 of 3)
577.,2010-05-10 09:28:51,92.69,100%,Any finite number divided by infinity is as near to nothing ...,Win (1 of 4)
576.,2010-05-10 09:27:43,92.75,100%,"If you really want to hear about it, the first thing you'll ...",Win (1 of 3)
575.,2010-05-10 06:34:35,97.09,100%,"The goal of the true seeker is to become a sage, or superior...",Win (1 of 3)
574.,2010-05-10 06:32:25,100.14,100%,I said that I would see you because I had heard that you wer...,Win (1 of 4)
573.,2010-05-10 06:30:41,107.20,100%,"For centuries, the battle of morality was fought between tho...",No win (2 of 3)
572.,2010-05-10 06:29:19,94.55,100%,"The day dawned bleak and chill, a moving wall of gray light ...",No win (2 of 2)
571.,2010-05-10 06:26:55,92.07,100%,"Good evening, London. Allow me first to apologize for this i...",No win (2 of 3)
570.,2010-02-11 10:13:01,93.23,100%,For it is not enough to have a good mind; the main thing is ...,No win (3 of 3)
569.,2010-02-11 10:10:19,105.96,100%,"I went to the woods because I wished to live deliberately, t...",Win (1 of 5)
568.,2010-02-11 10:06:46,91.08,100%,I drew the blankets over my head and tried to think of Chris...,No win (2 of 3)
567.,2010-02-11 10:05:56,90.08,100%,"The world of typing has changed. In the 1970s, every busines...",No win (3 of 3)
566.,2010-02-11 10:04:25,102.40,100%,I had the impression of being abandoned by everyone when the...,Win (1 of 2)
565.,2010-02-11 10:02:57,100.19,100%,San Francisco in the middle sixties was a very special time ...,No win (2 of 2)
564.,2010-02-11 10:00:48,100.17,100%,"The creation ends in South Georgia, at the very edge of the ...",Win (1 of 3)
563.,2010-02-11 09:59:16,116.03,100%,"I know a bloke who knows a bloke who knows a bloke. Now, I k...",No win (2 of 3)
562.,2010-02-11 09:57:44,99.38,100%,With the coming of Dean Moriarty began the part of my life y...,No win (2 of 2)
561.,2010-02-11 09:56:42,98.45,100%,Let's face it: there are tons of things in your home and lif...,No win (2 of 4)
560.,2010-02-11 09:55:21,101.56,100%,With the coming of Dean Moriarty began the part of my life y...,Win (1 of 2)
559.,2010-02-11 09:54:24,92.59,100%,We might begin by asking why the pregnant man image has been...,No win (2 of 3)
558.,2010-02-11 09:50:57,92.74,100%,Three changes occur while the stacked disk structure equilib...,No win (3 of 3)
557.,2010-02-11 09:49:30,103.36,100%,"Many people limit themselves to leading boring, dull lives b...",Win (1 of 4)
556.,2010-02-11 09:48:41,98.85,100%,"If you really want to hear about it, the first thing you'll ...",No win (2 of 3)
555.,2010-02-10 08:20:38,100.21,100%,"I hope that whoever you are, you escape this place. I hope t...",Win (1 of 3)
554.,2010-02-10 08:19:31,103.90,100%,Let's face it: there are tons of things in your home and lif...,Win (1 of 4)
553.,2010-02-10 08:18:40,90.51,100%,Lucid but wholly false recollections can easily be induced b...,Win (1 of 2)
552.,2010-02-10 08:17:39,105.54,100%,I said that I would see you because I had heard that you wer...,Win (1 of 3)
551.,2010-02-10 05:25:48,103.66,100%,If I'm curt with you it's because time is a factor. I think ...,Win (1 of 3)
550.,2010-02-10 05:24:52,98.51,100%,Even the best-designed chair won't make up for bad posture. ...,No win (2 of 3)
549.,2010-02-10 05:22:48,106.61,100%,"And in the world a heart of darkness, a firezone, where poet...",Win (1 of 2)
548.,2010-02-10 05:21:53,101.86,100%,The ultimate way to compose is to be able to keyboard as fas...,Win (1 of 2)
547.,2010-02-10 05:20:41,95.91,100%,Every time I think of you I feel shot right through with a b...,No win (2 of 3)
546.,2010-02-10 05:19:40,97.51,100%,"Alfred Hitchcock once said, ""Drama is life with the dull bit...",Win (1 of 3)
545.,2010-02-10 05:17:57,92.46,100%,I still see things that are not here. I just choose not to a...,Win (1 of 2)
544.,2010-02-10 05:16:30,89.13,100%,Although the United Nations does not have the power to enfor...,No win (2 of 4)
543.,2010-02-10 05:15:38,90.06,100%,"Warmer water increases the moisture content of storms, and w...",No win (3 of 3)
542.,2010-02-10 05:14:17,112.15,100%,Humans need to practice what they are learning a good deal b...,Win (1 of 3)
541.,2010-02-10 05:13:18,90.89,100%,Stab a sorry heart with your favorite finger. Paint the whol...,Win (1 of 4)
540.,2010-02-09 05:09:31,116.66,100%,I don't know why he saved my life. Maybe in those last momen...,Win (1 of 2)
539.,2010-02-09 05:08:38,88.03,100%,"O clear intelligence, force beyond all measure! Gentlemen, I...",Win (1 of 2)
538.,2010-02-09 05:07:49,91.57,100%,"In the witch trials, it was nearly impossible to provide com...",No win (2 of 2)
537.,2010-02-09 05:05:32,100.69,100%,"Thirdly, however, these wars could now be waged with the new...",Win (1 of 4)
536.,2010-02-09 05:03:05,101.48,100%,"My friend, I shall be pedagogic, and say you ought to start ...",Win (1 of 2)
535.,2010-02-08 06:36:57,101.57,100%,The only preventive thing I do is wash clothes after buying ...,Win (1 of 5)
534.,2010-02-08 06:34:52,95.30,100%,The only preventive thing I do is wash clothes after buying ...,Win (1 of 3)
533.,2010-02-08 06:33:40,98.59,100%,Rhymes trap you into saying things you don't want to say. A ...,Win (1 of 4)
532.,2010-02-08 06:32:37,87.03,100%,It is possible that I already had some presentiment of my fu...,Win (1 of 2)
531.,2010-02-08 06:31:33,89.13,100%,"The problem is, Willie, is that Charles and yourself are not...",No win (2 of 2)
530.,2010-02-07 10:48:22,100.92,100%,"You ask Raymond what he does for a living and he says, ""I br...",Win (1 of 3)
529.,2010-02-07 10:47:00,95.95,100%,There's a hole in the world like a great black pit. And the ...,No win (4 of 5)
528.,2010-02-07 10:46:25,95.77,100%,"The Earth is a world, the world is a ball, a ball in a game ...",Win (1 of 3)
527.,2010-02-07 10:45:47,87.59,100%,"The idea of ""Mr. Right"" has been passed down over the genera...",No win (1 of 1)
526.,2010-02-07 10:44:32,93.83,100%,Too often writers believe that they can emphasize words by p...,Win (1 of 3)
525.,2010-02-07 10:43:24,93.76,100%,"For centuries, human society has taken the gifts of nature f...",No win (2 of 3)
524.,2010-02-07 10:42:25,83.30,100%,In 1969 four computers located around the country were in co...,Win (1 of 4)
523.,2010-02-07 10:41:05,88.27,100%,"It's a blue savanna song: somewhere cross the desert, someti...",Win (1 of 5)
522.,2010-02-07 10:40:15,96.07,100%,"Yes, the newspapers were right: snow was general all over Ir...",Win (1 of 2)
521.,2010-02-07 10:39:22,101.80,100%,There is something about yourself that you don't know. Somet...,Win (1 of 2)
520.,2010-02-07 10:38:15,101.61,100%,Too often writers believe that they can emphasize words by p...,Win (1 of 3)
519.,2010-02-07 10:37:08,78.57,100%,"There are men who possess a peculiarly strong visual memory,...",No win (2 of 4)
518.,2010-02-07 10:35:54,93.77,100%,Instead of hiring workers during the peak hog kill in the wi...,Win (1 of 5)
517.,2010-02-07 10:34:29,88.68,100%,"It's a sunny, woodsy day in Lumberton, so get those chainsaw...",Win (1 of 3)
516.,2010-02-07 10:33:30,87.29,100%,Few smart kids can spare the attention that popularity requi...,Win (1 of 3)
515.,2010-02-07 10:31:51,97.46,100%,"Let's sort the buyers from the spiers, the needy from the gr...",Win (1 of 5)
514.,2010-02-07 10:30:40,93.17,100%,Gardeners know how to grow top-notch crops. They determine w...,Win (1 of 3)
513.,2010-02-07 10:29:30,93.47,100%,"Hi, and welcome to the future. San Dimas, California, 2688. ...",No win (2 of 3)
512.,2010-02-07 10:28:18,89.16,100%,"You cannot entice a true thief, and thief by vocation, into ...",No win (1 of 1)
511.,2010-02-07 10:26:19,97.22,100%,We were playing checkers. I used to kid her once in a while ...,Win (1 of 4)
510.,2010-02-04 11:39:40,110.87,100%,"People get ready, there's a train coming. You don't need no ...",Win (1 of 5)
509.,2010-02-04 11:38:56,101.92,100%,"They say that right after God created man, he took a rib fro...",No win (2 of 4)
508.,2010-02-04 11:38:06,84.65,100%,"She was a genius of sadness, immersing herself in it, separa...",Win (1 of 4)
507.,2010-02-04 11:36:49,97.61,100%,It's the possibility of having a dream come true that makes ...,No win (2 of 3)
506.,2010-02-04 11:35:58,88.42,100%,Although his voice was also broken by uncertainty and his ha...,No win (3 of 5)
505.,2010-02-04 11:35:06,94.64,100%,Everything we hold dear likewise resolves into its original ...,Win (1 of 4)
504.,2010-02-04 11:33:43,100.72,100%,"Today, you people are no longer maggots. Today, you are Mari...",No win (2 of 4)
503.,2010-02-04 05:20:07,91.45,100%,The streets were cleared by a Critical Mass bike ride and we...,Win (1 of 4)
502.,2010-02-04 05:19:19,81.32,100%,Do you know what they call a Quarter-pounder with cheese in ...,Win (1 of 3)
501.,2010-02-04 05:17:11,92.83,100%,We may climb into the thin and cold realm of pure geometry a...,Win (1 of 2)
500.,2009-12-25 03:01:00,95.98,100%,"Well, the way they make shows is, they make one show. That s...",No win (3 of 3)
499.,2009-12-25 02:59:35,85.12,100%,I've always wondered about this coat business. When I'm in a...,Win (1 of 3)
498.,2009-12-25 02:58:13,96.23,100%,Involuntarily I glanced seaward - and distinguished nothing ...,No win (2 of 3)
497.,2009-12-25 02:57:11,85.46,100%,Chance and chance alone has a message for us. Everything tha...,Win (1 of 2)
496.,2009-12-25 02:56:12,83.92,100%,"Tis but thy name that is my enemy. Thou art thyself, though ...",Win (1 of 2)
495.,2009-12-25 02:55:14,78.79,100%,"The National Rifle Association says that, ""Guns don't kill p...",Win (1 of 2)
494.,2009-12-25 02:52:35,102.96,100%,"In the casino, the cardinal rule is to keep them playing and...",Win (1 of 3)
493.,2009-12-25 02:50:29,91.30,100%,How many roads must a man walk down before you call him a ma...,Win (1 of 2)
492.,2009-12-25 02:49:12,84.34,100%,"I'd been walking for hours and, as usual, I'd lost track of ...",No win (2 of 4)
491.,2009-12-25 02:47:59,98.55,100%,Good games offer players a set of challenging problems and t...,Win (1 of 5)
490.,2009-12-04 13:20:04,89.53,100%,I know that you weren't bored that day because there was a l...,Win (1 of 5)
489.,2009-12-04 13:19:03,85.27,100%,"The National Rifle Association says that, ""Guns don't kill p...",Win (1 of 3)
488.,2009-12-04 13:18:02,86.14,100%,"He's got a two day head start on you, which is more than he ...",Win (1 of 2)
487.,2009-12-04 13:16:53,98.28,100%,Consider this: Is the pious being loved by the gods because ...,Win (1 of 5)
486.,2009-12-04 13:15:16,91.57,100%,If you're working out in front of a mirror and watching your...,No win (3 of 4)
485.,2009-12-04 13:14:07,100.64,100%,There is something about yourself that you don't know. Somet...,No win (2 of 3)
484.,2009-12-04 13:13:03,97.95,100%,There's a hole in the world like a great black pit. And the ...,Win (1 of 3)
483.,2009-12-04 13:12:18,92.97,100%,How many roads must a man walk down before you call him a ma...,No win (3 of 3)
482.,2009-12-04 13:11:11,87.72,100%,In order to face down the danger that is stalking us and mov...,No win (3 of 4)
481.,2009-12-04 13:10:03,86.99,100%,We've arranged a global civilization in which most crucial e...,No win (2 of 4)
480.,2009-11-19 16:53:06,100.05,100%,Involuntarily I glanced seaward - and distinguished nothing ...,Win (1 of 2)
479.,2009-11-19 16:52:07,100.32,100%,"And you know it's time to go, through the sleet and driving ...",No win (2 of 3)
478.,2009-11-19 16:51:24,96.82,100%,Instead of hiring workers during the peak hog kill in the wi...,Win (1 of 2)
477.,2009-11-19 16:48:54,107.75,100%,"Ticking away the moments that make up a dull day, you fritte...",No win (2 of 2)
476.,2009-11-19 16:44:41,100.88,100%,I am learning about twenty new Italian words a day. Where am...,Win (1 of 2)
475.,2009-11-19 16:38:00,103.29,100%,"We turn away to face the cold, enduring chill, as the day be...",Win (1 of 2)
474.,2009-11-19 16:33:31,111.36,100%,San Francisco in the middle sixties was a very special time ...,Win (1 of 2)
473.,2009-11-18 14:30:58,93.56,100%,"I was hugely impressed. Kirk, I mean Shatner, was the ultima...",Win (1 of 4)
472.,2009-11-18 14:30:03,88.68,100%,"Throughout my academic career, I'd given some pretty good ta...",No win (2 of 4)
471.,2009-11-18 14:29:25,93.88,100%,A glooming peace this morning with it brings. The sun for so...,No win (3 of 3)
470.,2009-11-18 14:28:24,90.61,100%,The problem we now face is that this thin layer of atmospher...,Win (1 of 2)
469.,2009-11-18 14:27:15,71.11,100%,"It's a sunny, woodsy day in Lumberton, so get those chainsaw...",No win (3 of 4)
468.,2009-11-18 14:26:23,76.73,100%,Indonesia is a nation of islands - more than seventeen thous...,Win (1 of 3)
467.,2009-11-18 14:25:00,97.55,100%,"If you don't get what you want, you suffer; if you get what ...",No win (3 of 4)
466.,2009-11-18 14:23:51,92.79,100%,She's got eyes of the bluest skies as if they thought of rai...,No win (2 of 4)
465.,2009-11-18 14:22:34,95.22,100%,I've always wondered about this coat business. When I'm in a...,Win (1 of 3)
464.,2009-11-18 14:21:20,94.90,100%,Is it sweeter to exist only in the mind or to exist both in ...,Win (1 of 5)
463.,2009-11-18 14:20:24,87.20,100%,"There are two kinds of fibers in our muscles, red and white....",No win (2 of 4)
462.,2009-11-18 14:18:59,90.67,100%,"After removal from the oven, the pizza is sliced and plated ...",Win (1 of 5)
461.,2009-11-18 14:17:58,90.67,100%,I said that I would see you because I had heard that you wer...,Win (1 of 3)
460.,2009-11-18 14:15:22,92.17,100%,A giant inverted steel pyramid is perfectly balanced on its ...,Win (1 of 3)
459.,2009-11-05 05:06:15,87.12,100%,"A long time ago, I was in Burma, my friends and I were worki...",Win (1 of 4)
458.,2009-11-05 05:03:38,88.95,100%,"Let's sort the buyers from the spiers, the needy from the gr...",Win (1 of 2)
457.,2009-11-05 05:02:24,92.11,100%,So my heart goes out to them. Figuratively. I would never ac...,No win (2 of 3)
456.,2009-11-05 05:01:08,93.03,100%,I remember when we used to sit in the government yard in Tre...,Win (1 of 2)
455.,2009-11-05 05:00:02,98.79,100%,The unknown future rolls toward us. I face it for the first ...,Win (1 of 2)
454.,2009-11-02 06:02:57,87.13,100%,The unknown future rolls toward us. I face it for the first ...,No win (3 of 4)
453.,2009-11-02 06:02:05,87.47,100%,"What about Tony? You know, Bullet Tooth Tony. He'll find you...",Win (1 of 2)
452.,2009-11-02 06:01:04,96.21,100%,"A zealot might be, for instance, an individual with a person...",Win (1 of 2)
451.,2009-11-02 05:59:19,93.78,100%,A giant inverted steel pyramid is perfectly balanced on its ...,No win (2 of 4)
450.,2009-10-24 03:34:26,88.02,100%,"Two households, both alike in dignity (in fair Verona, where...",No win (1 of 1)
449.,2009-10-24 03:33:15,82.79,100%,"The Earth is a world, the world is a ball, a ball in a game ...",No win (2 of 3)
448.,2009-10-24 03:32:14,101.12,100%,The place to improve the world is first in one's own heart a...,Win (1 of 2)
447.,2009-10-24 03:31:17,98.55,100%,"Contrary to the feminist cant, there are many things we can ...",Win (1 of 3)
446.,2009-10-24 03:30:24,97.23,100%,"Some pilots like the excitement of our missions, knowing tha...",Win (1 of 2)
445.,2009-10-24 03:29:14,104.29,100%,San Francisco in the middle sixties was a very special time ...,Win (1 of 2)
444.,2009-10-24 03:28:28,90.24,100%,Everything we hold dear likewise resolves into its original ...,No win (2 of 2)
443.,2009-10-24 03:27:08,91.65,100%,"That's Tommy. He tells people he was named after a gun, but ...",Win (1 of 3)
442.,2009-10-24 03:26:34,89.17,100%,"Let's sort the buyers from the spiers, the needy from the gr...",Win (1 of 2)
441.,2009-10-24 03:25:21,100.03,100%,It was one of those days when it's a minute away from snowin...,Win (1 of 2)
440.,2009-10-23 03:43:38,107.49,100%,I will need my spectacles and a clear head. Today I broke my...,Win (1 of 2)
439.,2009-10-23 03:42:55,93.09,100%,It doesn't mean much to be able to filter out most present-d...,No win (2 of 2)
438.,2009-10-23 03:41:48,89.17,100%,"But suddenly, I viddied that thinking was for the gloopy one...",No win (2 of 3)
437.,2009-10-23 03:40:46,98.93,100%,I suddenly had the impression that I had been left all alone...,No win (2 of 3)
436.,2009-10-23 03:39:51,85.79,100%,"Imagine a vast sheet of paper on which straight Lines, Trian...",No win (1 of 1)
435.,2009-10-23 03:38:29,95.26,100%,"Padre, these are subtleties! We are not concerned with motiv...",No win (1 of 1)
434.,2009-10-23 03:37:02,93.95,100%,"Imagine a vast sheet of paper on which straight Lines, Trian...",Win (1 of 3)
433.,2009-10-23 03:35:39,93.24,100%,How many roads must a man walk down before you call him a ma...,Win (1 of 2)
432.,2009-10-23 03:34:34,94.42,100%,"Keying text quickly is important, but it is more important t...",Win (1 of 3)
431.,2009-10-23 03:33:45,92.20,100%,"The creation ends in South Georgia, at the very edge of the ...",No win (2 of 3)
430.,2009-10-21 13:32:12,96.14,100%,Overhead the albatross hangs motionless upon the air and dee...,Win (1 of 5)
429.,2009-10-21 13:31:03,101.58,100%,The example of painting can teach us not only how to manage ...,Win (1 of 4)
428.,2009-10-21 13:30:12,90.75,100%,The chemistry of an element is determined by the manner in w...,No win (1 of 1)
427.,2009-10-21 13:29:05,85.03,100%,"Ezekiel twenty-five, seventeen: The path of the righteous ma...",Win (1 of 2)
426.,2009-10-21 13:27:58,87.14,100%,"Get it straight buster - I'm not here to say please, I'm her...",No win (2 of 4)
425.,2009-10-21 13:26:56,86.68,100%,"Whether you're a student, secretary, office administrator, m...",No win (1 of 1)
424.,2009-10-21 13:25:21,99.03,100%,It was hard to toss things I had once thought were valuable ...,Win (1 of 3)
423.,2009-10-21 13:23:53,78.81,100%,Parisian French is different from Provincial French and Germ...,Win (1 of 2)
422.,2009-10-21 13:22:16,101.73,100%,"You have a class of young strong men and women, and they wan...",Win (1 of 4)
421.,2009-10-21 13:21:02,88.68,100%,Facts can be thought of as objective or subjective. Things a...,Win (1 of 4)
420.,2009-10-20 14:50:31,99.22,100%,The unknown future rolls toward us. I face it for the first ...,Win (1 of 2)
419.,2009-10-20 14:49:33,83.81,100%,"According to the popular story, the keyboard invented by Aug...",No win (4 of 4)
418.,2009-10-20 14:47:16,96.01,100%,I had the impression of being abandoned by everyone when the...,No win (2 of 2)
417.,2009-10-20 14:45:31,104.29,100%,"Life is not suffering; it's just that you will suffer it, ra...",No win (3 of 5)
416.,2009-10-20 12:22:07,95.83,100%,I've always wondered about this coat business. When I'm in a...,No win (2 of 4)
415.,2009-10-20 12:21:09,94.87,100%,"The melted mozzarella layer, which we shall designate MML, i...",No win (2 of 2)
414.,2009-10-20 12:18:00,92.16,100%,"Throughout my academic career, I'd given some pretty good ta...",No win (2 of 4)
413.,2009-10-20 12:16:45,91.39,100%,"A lot of people, especially this one psychoanalyst guy they ...",Win (1 of 4)
412.,2009-10-20 12:15:04,101.96,100%,"Ever since I was a child, folks have thought they had me peg...",No win (3 of 4)
411.,2009-10-20 12:14:25,86.48,100%,"Good evening, London. Allow me first to apologize for this i...",No win (2 of 3)
410.,2009-10-20 12:07:53,89.05,100%,"I'd been walking for hours and, as usual, I'd lost track of ...",Win (1 of 2)
409.,2009-10-20 05:05:01,90.65,100%,So I'm two inches away from her. Her luscious lips part. Jus...,Win (1 of 2)
408.,2009-10-20 05:02:49,105.09,100%,"We speak of something carried and something carrying, of som...",Win (1 of 3)
407.,2009-10-20 04:59:02,85.38,100%,So I'm two inches away from her. Her luscious lips part. Jus...,Win (1 of 2)
406.,2009-10-20 04:57:20,98.17,100%,You've got a way to keep me on your side. You give me cause ...,Win (1 of 2)
405.,2009-10-20 04:55:08,88.25,100%,But if in efficient causes it is possible to go on to infini...,Win (1 of 2)
404.,2009-10-20 04:51:33,90.45,100%,Data is by definition easy to copy. And the Internet makes c...,Win (1 of 2)
403.,2009-10-20 04:48:36,81.69,100%,"You found paradise in America. You had a good trade, made a ...",No win (1 of 1)
402.,2009-10-20 04:44:27,92.96,100%,I've seen things you people wouldn't believe. Attack ships o...,No win (2 of 2)
401.,2009-10-19 06:51:43,92.73,100%,"People get ready, there's a train coming. You don't need no ...",No win (2 of 3)
400.,2009-10-19 06:49:25,100.37,100%,"Do you smell that? Napalm, son. Nothing else in the world sm...",Win (1 of 2)
399.,2009-10-19 06:48:06,88.66,100%,"My name is Turkish. Funny name for an Englishman, I know. My...",No win (2 of 3)
398.,2009-10-16 04:38:47,83.31,100%,"Whether they use the title or not, many lyrics have evocativ...",No win (2 of 3)
397.,2009-10-13 04:55:22,84.93,100%,We don't need no education. We don't need no thought control...,No win (3 of 3)
396.,2009-10-13 04:54:10,107.40,100%,We all know people who are very bright but who do not always...,Win (1 of 2)
395.,2009-10-12 06:06:49,92.03,100%,"Thirdly, however, these wars could now be waged with the new...",Win (1 of 2)
394.,2009-10-12 06:04:51,97.44,100%,San Francisco in the middle sixties was a very special time ...,Win (1 of 3)
393.,2009-10-12 06:03:10,80.08,100%,Convection also plays a minor role because of the relative t...,Win (1 of 5)
392.,2009-10-12 06:01:10,88.09,100%,He canceled all his commitments and pulled together the most...,Win (1 of 5)
391.,2009-10-12 05:59:18,90.13,100%,You're here because you know something. What you know you ca...,Win (1 of 4)
390.,2009-10-12 05:56:59,93.58,100%,"Ever since I was a child, folks have thought they had me peg...",Win (1 of 3)
389.,2009-10-12 05:55:57,98.15,100%,Good games offer players a set of challenging problems and t...,No win (2 of 3)
388.,2009-10-11 02:54:26,90.29,100%,"Thirdly, however, these wars could now be waged with the new...",Win (1 of 3)
387.,2009-10-11 02:52:41,86.14,100%,"I can feel the heat closing in, feel them out there making t...",Win (1 of 4)
386.,2009-10-11 02:51:50,84.26,100%,Is it really necessary to send that email? The more emails y...,No win (3 of 3)
385.,2009-10-11 02:50:08,87.89,100%,The treatment of atoms with more than one electron requires ...,Win (1 of 4)
384.,2009-10-11 02:48:42,91.03,100%,All time is all time. It does not change. It does not lend i...,No win (2 of 2)
383.,2009-10-11 02:47:36,95.97,100%,"Ticking away the moments that make up a dull day, you fritte...",No win (2 of 3)
382.,2009-10-11 02:46:15,91.07,100%,I remember when we used to sit in the government yard in Tre...,No win (3 of 3)
381.,2009-10-11 02:44:52,97.18,100%,I thought climbing the Devil's Thumb would fix all that was ...,Win (1 of 4)
380.,2009-10-11 02:44:03,80.87,100%,"""This man right here,"" McGuinness said, pointing at Kenna, ""...",Win (1 of 2)
379.,2009-10-11 02:42:49,87.72,100%,I suddenly had the impression that I had been left all alone...,Win (1 of 2)
378.,2009-10-07 04:57:03,92.54,100%,"This planet has, or rather had, a problem, which was this: m...",Win (1 of 2)
377.,2009-10-07 04:55:47,88.04,100%,"Hi, and welcome to the future. San Dimas, California, 2688. ...",No win (2 of 3)
376.,2009-10-06 04:38:09,72.69,100%,So I'm two inches away from her. Her luscious lips part. Jus...,Win (1 of 2)
375.,2009-09-29 04:52:27,77.98,100%,"Do you smell that? Napalm, son. Nothing else in the world sm...",No win (1 of 1)
374.,2009-09-29 04:51:31,75.49,100%,"Prior to the 1970's, because the United States had long been...",No win (4 of 5)
373.,2009-09-28 06:57:12,91.82,100%,"The sooner your kids appreciate the value of work, the more ...",Win (1 of 7)
372.,2009-09-28 06:54:19,91.16,100%,"I had a job, I had a girl. I had something going, mister, in...",Win (1 of 7)
371.,2009-09-28 06:52:06,86.77,100%,Is this the real life? Is this just fantasy? Caught in a lan...,Win (1 of 2)
370.,2009-09-28 04:37:29,75.43,100%,"Often, we assume that a familiar situation will be but a rep...",No win (2 of 3)
369.,2009-09-28 04:35:25,74.23,100%,I don't know why he saved my life. Maybe in those last momen...,Win (1 of 2)
368.,2009-09-28 04:34:18,98.12,100%,"I know a bloke who knows a bloke who knows a bloke. Now, I k...",Win (1 of 3)
367.,2009-09-23 05:27:48,87.13,100%,"Throughout my academic career, I'd given some pretty good ta...",No win (2 of 2)
366.,2009-09-23 05:27:04,84.58,100%,Few smart kids can spare the attention that popularity requi...,No win (1 of 1)
365.,2009-09-21 06:00:47,105.08,100%,The alternative to binge travel - the mini retirement - enta...,Win (1 of 2)
364.,2009-09-20 03:30:49,86.61,100%,In order to become an elf I filled out ten pages' worth of f...,No win (2 of 3)
363.,2009-09-20 03:29:26,95.51,100%,And I will strike down upon thee with great vengeance and fu...,No win (2 of 3)
362.,2009-09-20 03:27:57,92.13,100%,"Padre, these are subtleties! We are not concerned with motiv...",No win (3 of 3)
361.,2009-09-20 03:26:17,92.26,100%,"Milt, with the excellent timing of a master comedy writer, w...",Win (1 of 3)
360.,2009-09-20 03:25:13,92.52,100%,I've seen things you people wouldn't believe. Attack ships o...,Win (1 of 2)
359.,2009-09-20 03:24:12,91.01,100%,I thought climbing the Devil's Thumb would fix all that was ...,Win (1 of 3)
358.,2009-09-20 03:23:08,82.34,100%,"It turned out that the sweet-talking, tattoo-sporting pikey ...",No win (2 of 2)
357.,2009-09-20 03:21:35,97.62,100%,"Many people limit themselves to leading boring, dull lives b...",Win (1 of 3)
356.,2009-09-20 03:20:09,100.23,100%,It is possible that I already had some presentiment of my fu...,No win (3 of 3)
355.,2009-09-20 03:18:24,94.39,100%,"Because they're at the bottom of the scale, nerds are a safe...",No win (3 of 4)
354.,2009-09-20 03:17:10,75.27,100%,Do you know what they call a Quarter-pounder with cheese in ...,Win (1 of 4)
353.,2009-09-20 03:15:59,99.68,100%,The example of painting can teach us not only how to manage ...,Win (1 of 3)
352.,2009-09-20 03:14:34,91.80,100%,He canceled all his commitments and pulled together the most...,Win (1 of 3)
351.,2009-09-20 03:13:30,75.18,100%,We go waiting for the stars to come showering down. From Mos...,No win (3 of 3)
350.,2009-09-19 17:34:33,104.71,100%,"When we conceive of the sweetest being ever, we are conceivi...",Win (1 of 3)
349.,2009-09-19 17:30:28,90.18,100%,"I had a dream. There was our world, and the world was dark b...",Win (1 of 2)
348.,2009-09-19 17:28:32,98.33,100%,"The sooner your kids appreciate the value of work, the more ...",Win (1 of 4)
347.,2009-09-19 17:26:34,87.90,100%,"Two households, both alike in dignity (in fair Verona, where...",No win (2 of 3)
346.,2009-09-19 17:24:25,101.83,100%,"The sooner your kids appreciate the value of work, the more ...",Win (1 of 2)
345.,2009-09-19 12:06:58,96.05,100%,Remember that humor is written backwards. That means you fir...,Win (1 of 2)
344.,2009-09-19 12:06:13,83.05,100%,"My name is Turkish. Funny name for an Englishman, I know. My...",Win (1 of 3)
343.,2009-09-19 12:05:15,95.49,100%,If there is one thing the history of evolution has taught us...,Win (1 of 2)
342.,2009-09-19 12:04:04,95.51,100%,Consider this: Is the pious being loved by the gods because ...,Win (1 of 2)
341.,2009-09-19 12:02:31,90.96,100%,"Whenever you watch the mind, you withdraw consciousness from...",Win (1 of 3)
340.,2009-09-19 12:01:02,98.48,100%,The unknown future rolls toward us. I face it for the first ...,Win (1 of 4)
339.,2009-09-19 11:58:18,100.48,100%,"You have a class of young strong men and women, and they wan...",No win (3 of 5)
338.,2009-09-19 11:55:17,89.98,100%,"Imagine considering ""if"" as a two-finger movement instead of...",Win (1 of 3)
337.,2009-09-19 11:53:32,90.70,100%,"Everyone said I was daft to build a castle on a swamp, but I...",Win (1 of 2)
336.,2009-09-19 11:51:58,92.27,100%,"No matter how bad things are, you can always make things wor...",No win (2 of 4)
335.,2009-09-19 11:51:19,80.18,100%,Who is Keyser Soze? He is supposed to be Turkish. Some say h...,Win (1 of 2)
334.,2009-09-18 04:48:58,79.85,100%,"It turned out that the sweet-talking, tattoo-sporting pikey ...",No win (2 of 2)
333.,2009-09-16 13:09:42,95.54,100%,"When I was your age, television was called books. And this i...",No win (3 of 3)
332.,2009-09-16 13:08:35,96.74,100%,"Has it been five years? Six? It seems like a lifetime, the k...",No win (2 of 4)
331.,2009-09-16 13:07:32,93.30,100%,Too often writers believe that they can emphasize words by p...,No win (3 of 4)
330.,2009-09-16 13:06:15,80.60,100%,"People get ready, there's a train coming. You don't need no ...",Win (1 of 4)
329.,2009-09-16 13:05:27,92.92,100%,The ultimate way to compose is to be able to keyboard as fas...,No win (2 of 5)
328.,2009-09-16 13:04:25,88.59,100%,"In the witch trials, it was nearly impossible to provide com...",Win (1 of 5)
327.,2009-09-16 13:03:15,89.52,100%,We've known each other for many years but this is the first ...,Win (1 of 5)
326.,2009-09-16 13:01:50,85.34,100%,"My dog barks some. Mentally you picture my dog, but I have n...",No win (2 of 4)
325.,2009-09-16 13:00:54,80.84,100%,You could choke a dozen donkeys on that! And you're haggling...,No win (2 of 4)
324.,2009-09-16 12:59:54,92.25,100%,One thing I've learned in the last seven years: in every gam...,Win (1 of 5)
323.,2009-09-16 12:59:08,90.70,100%,Yet the web of thought has no such creases and is more like ...,No win (2 of 3)
322.,2009-09-16 12:58:22,65.31,100%,"Whether you're a student, secretary, office administrator, m...",No win (3 of 4)
321.,2009-09-16 12:57:23,85.06,100%,"Radiation could be precisely determined, in principle, if we...",Win (1 of 2)
320.,2009-09-16 12:55:54,67.91,100%,"Listen, strange women lyin' in ponds distributin' swords is ...",Win (1 of 4)
319.,2009-09-16 12:54:46,92.87,100%,Even the best-designed chair won't make up for bad posture. ...,No win (1 of 1)
318.,2009-09-16 12:53:41,86.02,100%,"Yet one fine day, in a fit of euphoria, after he had picked ...",Win (1 of 3)
317.,2009-09-16 12:52:13,92.24,100%,"The terminator wouldn't stop, it would never leave him. It w...",No win (2 of 2)
316.,2009-09-16 12:50:59,89.69,100%,"In general, many of these targets are easier marks if you ar...",No win (2 of 2)
315.,2009-09-16 12:49:10,85.91,100%,"Today, you people are no longer maggots. Today, you are Mari...",Win (1 of 4)
314.,2009-09-16 12:47:57,82.29,100%,But if in efficient causes it is possible to go on to infini...,No win (3 of 3)
313.,2009-09-16 12:46:33,83.53,100%,The only preventive thing I do is wash clothes after buying ...,No win (2 of 4)
312.,2009-09-16 12:38:56,94.46,100%,You have to wonder: how do the machines know what Tasty Whea...,No win (2 of 3)
311.,2009-09-16 12:34:42,95.30,100%,"The sooner your kids appreciate the value of work, the more ...",Win (1 of 3)
310.,2009-09-10 14:38:11,86.64,100%,"When I really worry about something, I don't just fool aroun...",No win (2 of 4)
309.,2009-09-10 14:37:20,76.70,100%,The beginner writes just twenty pieces. The professional wri...,No win (2 of 3)
308.,2009-09-10 14:36:12,88.73,100%,"But suddenly, I viddied that thinking was for the gloopy one...",Win (1 of 4)
307.,2009-09-10 14:35:21,94.22,100%,It was hard to toss things I had once thought were valuable ...,No win (2 of 4)
306.,2009-09-10 14:34:00,89.04,100%,"Run to the bedroom, in the suitcase on the left, you'll find...",No win (2 of 3)
305.,2009-09-10 14:32:22,86.68,100%,We don't need no education. We don't need no thought control...,No win (2 of 5)
304.,2009-09-10 14:30:07,101.63,100%,It was one of those days when it's a minute away from snowin...,Win (1 of 3)
303.,2009-09-10 14:28:37,84.83,100%,Being able to quit things that don't work is integral to bei...,No win (3 of 4)
302.,2009-09-10 14:27:27,85.61,100%,The evidence in the standard history of Qwerty versus Dvorak...,No win (2 of 5)
301.,2009-09-10 14:26:04,92.40,100%,We sit silently and watch the world around us. This has take...,No win (2 of 5)
300.,2009-09-09 14:48:49,78.93,100%,"Listen, strange women lyin' in ponds distributin' swords is ...",Win (1 of 3)
299.,2009-09-09 14:47:52,92.21,100%,"Well, the way they make shows is, they make one show. That s...",No win (2 of 4)
298.,2009-09-09 14:46:41,85.20,100%,"Padre, these are subtleties! We are not concerned with motiv...",Win (1 of 2)
297.,2009-09-09 14:45:15,92.26,100%,We sit silently and watch the world around us. This has take...,No win (2 of 5)
296.,2009-09-09 14:44:01,79.91,100%,"Some pilots like the excitement of our missions, knowing tha...",No win (2 of 5)
295.,2009-09-09 14:43:02,81.58,100%,"A computer needs a manager to administer its operations, jus...",Win (1 of 5)
294.,2009-09-09 14:42:12,82.27,100%,"You found paradise in America. You had a good trade, made a ...",No win (3 of 4)
293.,2009-09-09 14:41:05,89.12,100%,"I went to the woods because I wished to live deliberately, t...",No win (4 of 4)
292.,2009-09-09 14:40:15,87.67,100%,"I had a job, I had a girl. I had something going, mister, in...",No win (2 of 5)
291.,2009-09-09 14:39:07,95.59,100%,"But suddenly, I viddied that thinking was for the gloopy one...",Win (1 of 2)
290.,2009-09-09 14:37:29,92.87,100%,"This planet has, or rather had, a problem, which was this: m...",No win (4 of 4)
289.,2009-09-09 14:36:08,97.63,100%,"If you don't get what you want, you suffer; if you get what ...",No win (2 of 3)
288.,2009-09-09 14:34:28,85.00,100%,"Padre, these are subtleties! We are not concerned with motiv...",Win (1 of 2)
287.,2009-09-09 14:32:58,91.24,100%,"It's a blue savanna song: somewhere cross the desert, someti...",Win (1 of 2)
286.,2009-09-09 14:31:49,82.62,100%,"Ezekiel twenty-five, seventeen: The path of the righteous ma...",No win (2 of 4)
285.,2009-09-09 14:30:30,89.59,100%,Too often writers believe that they can emphasize words by p...,No win (2 of 5)
284.,2009-09-09 14:29:06,86.31,100%,"I rejected those answers; instead, I chose something differe...",No win (2 of 3)
283.,2009-09-09 09:22:31,89.11,100%,I had the impression of being abandoned by everyone when the...,No win (3 of 5)
282.,2009-09-09 09:20:57,71.56,100%,"Anyway, like I was saying, shrimp is the fruit of the sea. Y...",Win (1 of 2)
281.,2009-09-08 16:13:16,99.19,100%,Every time I think of you I feel shot right through with a b...,Win (1 of 5)
280.,2009-09-08 16:12:17,75.78,100%,Everything we hold dear likewise resolves into its original ...,No win (3 of 4)
279.,2009-09-08 16:10:53,74.63,100%,"The result has been the emergence of what some call the ""win...",No win (3 of 3)
278.,2009-09-08 11:31:21,94.69,100%,"I had a job, I had a girl. I had something going, mister, in...",No win (3 of 3)
277.,2009-09-08 11:28:08,91.54,100%,"Ever since I was a child, folks have thought they had me peg...",Win (1 of 3)
276.,2009-09-08 11:24:40,88.29,100%,"In the witch trials, it was nearly impossible to provide com...",No win (2 of 4)
275.,2009-09-08 11:21:28,80.11,100%,"All Ninja are men of peace, and must always remain so or los...",No win (3 of 4)
274.,2009-09-07 14:01:51,89.85,100%,Images of broken light which dance before me like a million ...,No win (3 of 5)
273.,2009-09-07 14:00:45,82.33,100%,"The boy has not a real choice, has he? Self-interest, the fe...",No win (1 of 1)
272.,2009-09-07 13:59:36,83.21,100%,"Hi, and welcome to the future. San Dimas, California, 2688. ...",Win (1 of 3)
271.,2009-09-07 13:58:16,92.94,100%,"If we all go for the blonde and block each other, not a sing...",Win (1 of 2)
270.,2009-09-07 13:57:14,78.97,100%,At first they had tried to keep the finding quiet. After all...,No win (3 of 4)
269.,2009-09-07 13:55:48,81.24,100%,"Padre, these are subtleties! We are not concerned with motiv...",No win (2 of 3)
268.,2009-09-07 13:54:25,80.16,100%,"If I leave here tomorrow, would you still remember me? For I...",No win (3 of 3)
267.,2009-09-07 13:41:53,87.27,100%,All that year the animals worked like slaves. But they were ...,No win (2 of 4)
266.,2009-09-07 13:40:51,71.09,100%,"Hey Mr. Tambourine Man, play a song for me, I'm not sleepy a...",No win (2 of 3)
265.,2009-09-07 13:30:17,99.67,100%,"It was a marvelous night, the sort of night one only experie...",Win (1 of 3)
264.,2009-09-07 06:08:34,92.67,100%,San Francisco in the middle sixties was a very special time ...,Win (1 of 3)
263.,2009-09-07 06:07:21,80.79,100%,Lucid but wholly false recollections can easily be induced b...,No win (4 of 4)
262.,2009-09-07 06:06:22,85.35,100%,"When I was your age, television was called books. And this i...",No win (2 of 5)
261.,2009-09-07 06:05:25,81.81,100%,"Whether they use the title or not, many lyrics have evocativ...",No win (4 of 4)
260.,2009-09-07 06:04:10,89.75,100%,At the time when Britain faced a plunge into chaos and darkn...,Win (1 of 3)
259.,2009-09-07 06:02:27,87.64,100%,You have to wonder: how do the machines know what Tasty Whea...,No win (2 of 3)
258.,2009-09-07 05:58:57,88.72,100%,"When we conceive of the sweetest being ever, we are conceivi...",Win (1 of 2)
257.,2009-09-07 05:57:47,72.45,100%,"Geometry sets out from certain conceptions such as ""plane,"" ...",No win (1 of 1)
256.,2009-09-07 04:49:23,71.93,100%,It is greatly to America's advantage that it is a congenial ...,No win (5 of 5)
255.,2009-09-07 04:48:09,76.87,100%,"The only people for me are the mad ones, the ones who are ma...",Win (1 of 2)
254.,2009-09-07 04:46:31,75.97,100%,"Let's sort the buyers from the spiers, the needy from the gr...",No win (3 of 3)
253.,2009-09-02 04:52:20,74.18,100%,"When we conceive of the sweetest being ever, we are conceivi...",Win (1 of 2)
252.,2009-09-02 04:51:09,80.76,100%,It was one of those days when it's a minute away from snowin...,No win (3 of 4)
251.,2009-09-02 04:46:28,82.39,100%,"If you don't get what you want, you suffer; if you get what ...",Win (1 of 5)
250.,2009-09-01 08:45:05,86.72,100%,I don't know why he saved my life. Maybe in those last momen...,Win (1 of 2)
249.,2009-09-01 08:43:56,92.10,100%,San Francisco in the middle sixties was a very special time ...,Win (1 of 2)
248.,2009-09-01 08:43:02,86.98,100%,It was hard to toss things I had once thought were valuable ...,No win (2 of 3)
247.,2009-09-01 08:41:38,94.10,100%,The unknown future rolls toward us. I face it for the first ...,Win (1 of 3)
246.,2009-09-01 08:41:00,84.94,100%,It doesn't mean much to be able to filter out most present-d...,No win (3 of 3)
245.,2009-09-01 08:40:06,82.64,100%,"I'd been walking for hours and, as usual, I'd lost track of ...",No win (3 of 4)
244.,2009-09-01 08:38:41,77.67,100%,Let me tell you why you're here. You're here because you kno...,No win (2 of 3)
243.,2009-09-01 08:37:27,76.01,100%,It is greatly to America's advantage that it is a congenial ...,No win (2 of 3)
242.,2009-09-01 08:36:21,92.04,100%,"We turn away to face the cold, enduring chill, as the day be...",No win (2 of 2)
241.,2009-09-01 08:35:24,92.46,100%,Many rivers to cross but I can't seem to find my way over. W...,No win (2 of 3)
240.,2009-09-01 08:34:28,74.29,100%,"Wilkinson County was a recipient of one of the new ""separate...",Win (1 of 2)
239.,2009-09-01 08:33:26,76.41,100%,I remember when we used to sit in the government yard in Tre...,No win (2 of 3)
238.,2009-09-01 08:32:06,80.76,100%,"He was rough around the edges. He'd been to school, but neve...",No win (3 of 4)
237.,2009-09-01 08:30:41,78.03,100%,"Many people limit themselves to leading boring, dull lives b...",No win (2 of 3)
236.,2009-09-01 08:29:20,81.99,100%,The unknown future rolls toward us. I face it for the first ...,Win (1 of 3)
235.,2009-09-01 08:28:10,97.87,100%,It was one of those days when it's a minute away from snowin...,No win (2 of 3)
234.,2009-08-30 06:31:54,89.87,100%,Who has a safety deposit box full of money and six passports...,Win (1 of 2)
233.,2009-08-30 06:30:44,95.40,100%,I will need my spectacles and a clear head. Today I broke my...,Win (1 of 3)
232.,2009-08-30 06:29:44,92.07,100%,"The Orient was almost a European invention, and had been sin...",No win (3 of 4)
231.,2009-08-30 06:28:07,92.86,100%,Good games offer players a set of challenging problems and t...,Win (1 of 3)
230.,2009-08-30 06:26:51,89.68,100%,Popularity is only partially about individual attractiveness...,Win (1 of 4)
229.,2009-08-30 06:25:56,86.21,100%,I don't know why he saved my life. Maybe in those last momen...,Win (1 of 3)
228.,2009-08-30 06:24:39,74.13,100%,"And today, Lady Liberty is under attack from the cable chann...",No win (4 of 4)
227.,2009-08-30 06:22:45,93.68,100%,"Well, the way they make shows is, they make one show. That s...",Win (1 of 3)
226.,2009-08-30 06:20:30,95.30,100%,"For centuries, the battle of morality was fought between tho...",No win (2 of 4)
225.,2009-08-30 06:19:30,87.89,100%,I've seen things you people wouldn't believe. Attack ships o...,No win (2 of 4)
224.,2009-08-30 06:18:16,89.56,100%,The odds are that you will generally meet the worst of them....,Win (1 of 2)
223.,2009-08-30 06:17:18,75.40,100%,"It's a blue savanna song: somewhere cross the desert, someti...",Win (1 of 5)
222.,2009-08-30 06:16:15,81.57,100%,"Because they're at the bottom of the scale, nerds are a safe...",No win (2 of 3)
221.,2009-07-05 06:32:38,73.30,100%,"In short order, Carter then proceeded to kill any chance he ...",No win (2 of 2)
220.,2009-07-05 06:31:20,76.48,100%,The inner surface of the cell wall touches the cytoplasmic m...,Win (1 of 3)
219.,2009-07-05 06:30:06,85.21,100%,"I went to the woods because I wished to live deliberately, t...",Win (1 of 3)
218.,2009-07-05 06:28:53,84.11,100%,Since every piece of matter in the Universe is in some way a...,No win (1 of 1)
217.,2009-07-05 06:27:39,80.82,100%,"Keying text quickly is important, but it is more important t...",Win (1 of 2)
216.,2009-07-05 06:26:40,81.14,100%,It's the possibility of having a dream come true that makes ...,Win (1 of 3)
215.,2009-07-05 06:25:47,80.58,100%,"The Orient was almost a European invention, and had been sin...",Win (1 of 3)
214.,2009-07-05 06:24:40,80.74,100%,There is a theory which states that if anybody ever discover...,Win (1 of 3)
213.,2009-07-05 06:23:42,72.50,100%,Supermarket aisles are the perfect place to practice your gl...,No win (2 of 2)
212.,2009-07-05 06:22:22,83.15,100%,Even the best-designed chair won't make up for bad posture. ...,Win (1 of 2)
211.,2009-07-05 06:21:14,69.12,100%,"Yet one fine day, in a fit of euphoria, after he had picked ...",Win (1 of 3)
210.,2009-06-05 05:26:46,91.24,100%,If I'm curt with you it's because time is a factor. I think ...,Win (1 of 2)
209.,2009-06-05 05:25:49,86.16,100%,One thing I've learned in the last seven years: in every gam...,No win (2 of 3)
208.,2009-06-05 05:24:47,81.59,100%,"It is a period of civil war. Rebel spaceships, striking from...",No win (2 of 2)
207.,2009-06-05 05:23:19,85.87,100%,"Ergonomics is a term that combines the Greek word ergon, mea...",Win (1 of 3)
206.,2009-06-05 05:22:13,90.15,100%,One essential rule: make sure the joke is the last possible ...,No win (2 of 4)
205.,2009-06-05 05:21:01,87.77,100%,So what's in this for you? Should you rush out in search of ...,Win (1 of 4)
204.,2009-06-05 05:19:22,102.30,100%,Good games offer players a set of challenging problems and t...,No win (3 of 4)
203.,2009-06-05 05:18:20,89.98,100%,"Let me get this straight. You think that your client, one of...",Win (1 of 2)
202.,2009-06-05 05:17:14,97.36,100%,San Francisco in the middle sixties was a very special time ...,Win (1 of 2)
201.,2009-06-05 05:15:50,89.37,100%,Commas and periods always go inside quotation marks. Colons ...,Win (1 of 3)
200.,2009-05-28 12:55:45,85.32,100%,In 1873 the Sholes & Glidden Type Writer became the firs...,Win (1 of 5)
199.,2009-05-28 12:53:45,88.80,100%,"When we pulled out into the winter night and the real snow, ...",Win (1 of 3)
198.,2009-05-28 12:52:10,83.67,100%,"The time I waited seemed endless, and I felt doubts and fear...",No win (3 of 5)
197.,2009-05-28 12:51:22,76.30,100%,"You needn't take it any further, sir. You've proved to me th...",Win (1 of 3)
196.,2009-05-28 12:50:24,79.78,100%,"Disillusion is the greatest gift I can give you. But, becaus...",Win (1 of 3)
195.,2009-05-28 12:48:59,80.52,100%,My entire life had been on a predictable trajectory dominate...,Win (1 of 4)
194.,2009-05-28 12:47:35,92.65,100%,In order to face down the danger that is stalking us and mov...,Win (1 of 4)
193.,2009-05-28 12:46:04,96.65,100%,"I know a bloke who knows a bloke who knows a bloke. Now, I k...",No win (2 of 5)
192.,2009-05-28 12:45:23,75.22,100%,Parisian French is different from Provincial French and Germ...,No win (2 of 4)
191.,2009-05-27 14:27:30,79.77,100%,"I rejected those answers; instead, I chose something differe...",No win (4 of 5)
190.,2009-05-27 14:26:05,102.99,100%,The example of painting can teach us not only how to manage ...,Win (1 of 5)
189.,2009-05-27 14:24:33,74.51,100%,"People get ready, there's a train coming. You don't need no ...",No win (2 of 3)
188.,2009-05-27 14:23:28,79.45,100%,You have to wonder: how do the machines know what Tasty Whea...,No win (2 of 4)
187.,2009-05-27 14:22:05,82.96,100%,"Disillusion is the greatest gift I can give you. But, becaus...",Win (1 of 2)
186.,2009-05-27 14:20:49,78.89,100%,"We turn away to face the cold, enduring chill, as the day be...",No win (3 of 4)
185.,2009-05-27 14:19:53,89.10,100%,"I had a job, I had a girl. I had something going, mister, in...",No win (4 of 5)
184.,2009-05-27 14:18:37,88.29,100%,"Time is tricky. You have whole months, even years, when noth...",No win (3 of 5)
183.,2009-05-27 14:17:29,80.02,100%,"They had been given a sign - a powerful, lucid sign - that u...",No win (2 of 4)
182.,2009-05-27 14:16:14,73.84,100%,Commas and periods always go inside quotation marks. Colons ...,No win (4 of 5)
181.,2009-05-27 14:14:57,87.20,100%,Language is one of the keys to being human. It allows us to ...,No win (2 of 5)
180.,2009-05-27 14:13:59,78.09,100%,"The National Rifle Association says that, ""Guns don't kill p...",Win (1 of 3)
179.,2009-05-27 14:12:50,92.57,100%,"Throughout my academic career, I'd given some pretty good ta...",Win (1 of 5)
178.,2009-05-27 14:12:08,92.57,100%,"The problem is, Willie, is that Charles and yourself are not...",No win (2 of 4)
177.,2009-05-27 14:11:24,73.76,100%,"An essential characteristic of the superhero mythology is, t...",No win (2 of 4)
176.,2009-05-27 14:09:49,74.35,100%,Who is Keyser Soze? He is supposed to be Turkish. Some say h...,No win (2 of 3)
175.,2009-05-27 14:08:33,90.61,100%,"Today, you people are no longer maggots. Today, you are Mari...",No win (2 of 5)
174.,2009-05-27 14:07:35,81.20,100%,"There was me, that is Alex, and my three droogs, that is Pet...",Win (1 of 4)
173.,2009-05-27 14:06:38,80.73,100%,Facts can be thought of as objective or subjective. Things a...,No win (2 of 4)
172.,2009-05-27 14:03:17,81.63,100%,"To evaluate an option from the other side's point of view, c...",No win (2 of 2)
171.,2009-05-27 14:01:30,87.67,100%,The only preventive thing I do is wash clothes after buying ...,Win (1 of 2)
170.,2009-05-27 14:00:00,84.59,100%,You've got a way to keep me on your side. You give me cause ...,Win (1 of 2)
169.,2009-05-27 13:58:48,75.20,100%,"Two households, both alike in dignity (in fair Verona, where...",No win (2 of 3)
168.,2009-05-27 13:57:06,78.92,100%,What should have been swift revenge turned into an all out w...,No win (2 of 2)
167.,2009-05-27 13:55:35,88.03,100%,I've always wondered about this coat business. When I'm in a...,Win (1 of 2)
166.,2009-05-27 13:53:47,97.09,100%,We've known each other for many years but this is the first ...,Win (1 of 2)
165.,2009-05-27 13:52:11,78.70,100%,Most popular song lyrics have two sections - a verse and a b...,No win (2 of 2)
164.,2009-05-27 13:50:38,80.43,100%,"It is a period of civil war. Rebel spaceships, striking from...",No win (2 of 3)
163.,2009-05-27 13:49:13,72.33,100%,Indonesia is a nation of islands - more than seventeen thous...,Win (1 of 2)
162.,2009-05-27 01:51:52,75.54,100%,We began to recognize in them a strange obsession. After all...,Win (1 of 4)
161.,2009-05-27 01:50:29,83.13,100%,"Keying text quickly is important, but it is more important t...",No win (2 of 4)
160.,2009-05-27 01:48:07,92.23,100%,I am learning about twenty new Italian words a day. Where am...,Win (1 of 3)
159.,2009-05-27 01:46:48,72.91,100%,"What about Tony? You know, Bullet Tooth Tony. He'll find you...",Win (1 of 2)
158.,2009-05-27 01:45:28,72.05,100%,"What good's a reward if you ain't around to use it? Besides,...",No win (2 of 3)
157.,2009-05-27 01:44:33,76.51,100%,"I know a bloke who knows a bloke who knows a bloke. Now, I k...",Win (1 of 4)
156.,2009-05-20 02:23:03,84.42,100%,In order to face down the danger that is stalking us and mov...,Win (1 of 5)
155.,2009-05-20 02:21:43,65.15,100%,"Whether you're a student, secretary, office administrator, m...",No win (2 of 4)
154.,2009-05-20 02:19:40,94.16,100%,She's got eyes of the bluest skies as if they thought of rai...,No win (3 of 3)
153.,2009-05-20 02:18:28,81.75,100%,Rhymes trap you into saying things you don't want to say. A ...,No win (3 of 5)
152.,2009-05-20 02:14:35,83.13,100%,I had the impression of being abandoned by everyone when the...,No win (3 of 4)
151.,2009-05-20 02:12:39,81.54,100%,Even the best-designed chair won't make up for bad posture. ...,No win (3 of 5)
150.,2009-05-06 01:48:46,85.39,100%,For it is not enough to have a good mind; the main thing is ...,Win (1 of 2)
149.,2009-05-06 01:42:44,88.09,100%,Involuntarily I glanced seaward - and distinguished nothing ...,Win (1 of 3)
148.,2009-05-02 14:14:33,78.37,100%,"When we pulled out into the winter night and the real snow, ...",Win (1 of 4)
147.,2009-05-02 14:11:19,78.81,100%,You have to wonder: how do the machines know what Tasty Whea...,No win (2 of 3)
146.,2009-05-02 14:09:54,74.10,100%,Involuntarily I glanced seaward - and distinguished nothing ...,No win (2 of 5)
145.,2009-05-02 03:54:24,92.06,100%,"I went to the woods because I wished to live deliberately, t...",Win (1 of 3)
144.,2009-05-02 03:53:36,77.09,100%,"Tis but thy name that is my enemy. Thou art thyself, though ...",No win (1 of 1)
143.,2009-05-02 03:52:00,84.59,100%,"She's got a smile that, it seems to me, reminds me of childh...",No win (4 of 5)
142.,2009-05-02 03:51:07,81.93,100%,Facts can be thought of as objective or subjective. Things a...,No win (2 of 3)
141.,2009-05-02 03:50:05,72.23,100%,"Hi, and welcome to the future. San Dimas, California, 2688. ...",No win (2 of 3)
140.,2009-05-02 03:48:57,77.19,100%,Facts can be thought of as objective or subjective. Things a...,No win (2 of 5)
139.,2009-05-02 03:47:29,85.15,100%,"Ezekiel twenty-five, seventeen: The path of the righteous ma...",Win (1 of 3)
138.,2009-05-02 03:46:12,82.32,100%,"I was hugely impressed. Kirk, I mean Shatner, was the ultima...",Win (1 of 3)
137.,2009-05-02 03:45:24,76.07,100%,"It is a period of civil war. Rebel spaceships, striking from...",Win (1 of 3)
136.,2009-05-02 03:44:06,72.60,100%,"Imagine considering ""if"" as a two-finger movement instead of...",No win (2 of 3)
135.,2009-05-02 03:42:58,72.24,100%,"Hey Mr. Tambourine Man, play a song for me, I'm not sleepy a...",No win (2 of 3)
134.,2009-05-02 03:41:48,91.13,100%,The most precious treasures we have in life are the images w...,No win (2 of 3)
133.,2009-05-02 03:40:59,70.24,100%,"Yet one fine day, in a fit of euphoria, after he had picked ...",No win (2 of 4)
132.,2009-05-02 03:39:48,84.62,100%,Any finite number divided by infinity is as near to nothing ...,No win (2 of 3)
131.,2009-05-02 03:38:34,77.23,100%,"Ezekiel twenty-five, seventeen: The path of the righteous ma...",Win (1 of 4)
130.,2009-05-02 03:37:08,83.24,100%,Data is by definition easy to copy. And the Internet makes c...,Win (1 of 3)
129.,2009-05-02 03:35:58,63.56,100%,"Excellent. He's enterprising, aggressive, outgoing, young, b...",No win (2 of 3)
128.,2009-05-02 03:35:00,77.28,100%,"You needn't take it any further, sir. You've proved to me th...",No win (2 of 5)
127.,2009-05-02 03:33:54,82.60,100%,"If you are given too many choices, if you are forced to cons...",Win (1 of 4)
126.,2009-05-02 03:32:35,84.29,100%,"Imagine considering ""if"" as a two-finger movement instead of...",Win (1 of 3)
125.,2009-05-02 03:31:31,87.65,100%,"If you are given too many choices, if you are forced to cons...",No win (2 of 4)
124.,2009-05-02 03:30:08,91.58,100%,Humans need to practice what they are learning a good deal b...,Win (1 of 4)
123.,2009-05-02 03:27:41,86.07,100%,San Francisco in the middle sixties was a very special time ...,Win (1 of 3)
122.,2009-05-02 03:26:30,78.11,100%,"Now you might ask yourself, if by yourself you mean me, ""Ste...",No win (2 of 3)
121.,2009-05-01 14:58:17,82.49,100%,"Disillusion is the greatest gift I can give you. But, becaus...",Win (1 of 4)
120.,2009-05-01 14:56:56,70.96,100%,Is this the real life? Is this just fantasy? Caught in a lan...,No win (2 of 4)
118.,2009-05-01 14:54:37,77.26,100%,I will need my spectacles and a clear head. Today I broke my...,No win (2 of 5)
117.,2009-05-01 14:53:59,75.58,100%,"And today, Lady Liberty is under attack from the cable chann...",No win (2 of 3)
116.,2009-05-01 14:52:52,82.72,100%,Many rivers to cross but I can't seem to find my way over. W...,No win (4 of 5)
115.,2009-05-01 14:51:59,80.80,100%,What should have been swift revenge turned into an all out w...,No win (2 of 3)
114.,2009-05-01 14:50:55,77.69,100%,"And I said, I don't care if they lay me off either, because ...",No win (4 of 5)
113.,2009-05-01 14:49:35,78.71,100%,Humans need to practice what they are learning a good deal b...,No win (2 of 4)
112.,2009-05-01 14:48:42,73.70,100%,We don't need no education. We don't need no thought control...,No win (2 of 3)
111.,2009-05-01 14:47:31,81.68,100%,"The time I waited seemed endless, and I felt doubts and fear...",No win (3 of 5)
110.,2009-05-01 14:46:41,72.88,100%,"They had been given a sign - a powerful, lucid sign - that u...",No win (3 of 5)
109.,2009-05-01 14:45:22,79.17,100%,A giant inverted steel pyramid is perfectly balanced on its ...,No win (3 of 5)
108.,2009-05-01 14:44:05,75.01,100%,Who is Keyser Soze? He is supposed to be Turkish. Some say h...,Win (1 of 4)
107.,2009-05-01 14:42:46,72.60,100%,"Yes, the newspapers were right: snow was general all over Ir...",No win (4 of 4)
106.,2009-05-01 14:40:00,66.62,100%,"Often, we assume that a familiar situation will be but a rep...",No win (2 of 2)
105.,2009-05-01 14:38:46,78.85,100%,Popularity is only partially about individual attractiveness...,No win (2 of 3)
104.,2009-05-01 14:36:59,95.30,100%,I have quit three jobs and been fired from all the rest. Get...,No win (2 of 3)
103.,2009-05-01 14:34:25,72.75,100%,My entire life had been on a predictable trajectory dominate...,No win (2 of 4)
102.,2009-05-01 14:31:11,81.25,100%,What should have been swift revenge turned into an all out w...,Win (1 of 2)
101.,2009-05-01 14:27:50,75.99,100%,Quality humor doesn't just deliver one gag and then tax the ...,No win (3 of 5)
100.,2009-05-01 14:26:41,86.58,100%,"It was a marvelous night, the sort of night one only experie...",No win (3 of 5)
99.,2009-05-01 14:25:33,85.27,100%,A glooming peace this morning with it brings. The sun for so...,Win (1 of 3)
98.,2009-05-01 14:24:39,67.24,100%,The beginner writes just twenty pieces. The professional wri...,No win (3 of 5)
97.,2009-05-01 14:23:06,79.27,100%,"My dog barks some. Mentally you picture my dog, but I have n...",No win (2 of 5)
96.,2009-05-01 14:21:48,83.90,100%,"The terminator wouldn't stop, it would never leave him. It w...",Win (1 of 4)
95.,2009-05-01 14:20:20,84.70,100%,"She's got a smile that, it seems to me, reminds me of childh...",No win (2 of 3)
94.,2009-05-01 14:19:16,78.49,100%,"What about Tony? You know, Bullet Tooth Tony. He'll find you...",No win (3 of 5)
93.,2009-05-01 11:52:48,87.83,100%,The only preventive thing I do is wash clothes after buying ...,No win (3 of 4)
92.,2009-05-01 11:51:47,84.84,100%,And I will strike down upon thee with great vengeance and fu...,Win (1 of 4)
91.,2009-05-01 11:51:06,78.29,100%,If I'm curt with you it's because time is a factor. I think ...,Win (1 of 3)
90.,2009-05-01 11:50:15,81.35,100%,"And you know it's time to go, through the sleet and driving ...",No win (3 of 4)
89.,2009-05-01 11:49:16,80.82,100%,Now I want you to think and stop being a smart aleck. A man'...,No win (3 of 5)
88.,2009-05-01 11:48:31,84.80,100%,At the time when Britain faced a plunge into chaos and darkn...,Win (1 of 5)
87.,2009-05-01 11:47:18,87.78,100%,I thought climbing the Devil's Thumb would fix all that was ...,No win (3 of 5)
86.,2009-05-01 11:46:19,81.70,100%,If there is one thing the history of evolution has taught us...,No win (2 of 5)
85.,2009-05-01 11:45:29,71.71,100%,"Whether you're a student, secretary, office administrator, m...",Win (1 of 2)
84.,2009-05-01 11:43:56,69.60,100%,"In short order, Carter then proceeded to kill any chance he ...",Win (1 of 3)
83.,2009-05-01 11:42:35,73.06,100%,"One respondent said ""For women - a lot of games are crap - t...",No win (2 of 5)
82.,2009-05-01 11:41:50,73.35,100%,"In 1966, Andy Dufresne escaped from Shawshank prison. All th...",No win (2 of 3)
81.,2009-05-01 11:40:32,78.35,100%,"One respondent said ""For women - a lot of games are crap - t...",Win (1 of 3)
80.,2009-05-01 11:39:24,76.80,100%,"Ergonomics is a term that combines the Greek word ergon, mea...",Win (1 of 4)
79.,2009-05-01 11:38:32,65.28,100%,"Under the headline ""Wonderful Typing,"" the New York Times re...",No win (2 of 4)
78.,2009-05-01 11:37:06,87.14,100%,"My name is Turkish. Funny name for an Englishman, I know. My...",Win (1 of 4)
77.,2009-05-01 11:35:56,93.38,100%,"This planet has, or rather had, a problem, which was this: m...",Win (1 of 5)
76.,2009-05-01 11:34:36,73.91,100%,"Keying text quickly is important, but it is more important t...",Win (1 of 3)
75.,2009-05-01 11:33:40,83.59,100%,"When you are typing on a typewriter, your input appears dire...",Win (1 of 4)
74.,2009-05-01 11:32:07,93.77,100%,I will need my spectacles and a clear head. Today I broke my...,No win (2 of 5)
73.,2009-05-01 11:31:08,88.05,100%,"If I leave here tomorrow, would you still remember me? For I...",Win (1 of 5)
72.,2009-05-01 11:29:55,82.51,100%,The beginner writes just twenty pieces. The professional wri...,Win (1 of 3)
71.,2009-05-01 11:28:29,81.54,100%,"There is no pain, you are receding. A distant ship smoke on ...",No win (2 of 5)
70.,2009-05-01 11:26:56,76.75,100%,"Now you might ask yourself, if by yourself you mean me, ""Ste...",No win (2 of 4)
69.,2009-05-01 11:25:42,79.57,100%,Any finite number divided by infinity is as near to nothing ...,Win (1 of 2)
68.,2009-05-01 11:24:18,76.03,100%,"I rejected those answers; instead, I chose something differe...",Win (1 of 4)
67.,2009-05-01 11:23:02,72.20,100%,"To evaluate an option from the other side's point of view, c...",No win (4 of 4)
66.,2009-05-01 11:21:54,88.52,100%,"For centuries, the battle of morality was fought between tho...",No win (2 of 5)
65.,2009-05-01 11:20:56,68.24,100%,"If I leave here tomorrow, would you still remember me? For I...",No win (3 of 5)
64.,2009-05-01 09:26:29,83.73,100%,I'd just like to point out that you were given every opportu...,Win (1 of 5)
63.,2009-05-01 09:25:01,89.52,100%,Language is one of the keys to being human. It allows us to ...,Win (1 of 3)
62.,2009-05-01 09:23:13,86.88,100%,One thing I've learned in the last seven years: in every gam...,Win (1 of 3)
61.,2009-05-01 09:21:43,90.85,100%,"It was a marvelous night, the sort of night one only experie...",Win (1 of 3)
60.,2009-05-01 09:20:19,89.85,100%,The chemistry of an element is determined by the manner in w...,No win (2 of 5)
59.,2009-05-01 09:19:27,74.56,100%,"Disillusion is the greatest gift I can give you. But, becaus...",No win (2 of 4)
58.,2009-05-01 09:18:09,66.18,100%,Indonesia is a nation of islands - more than seventeen thous...,No win (2 of 4)
57.,2009-05-01 09:16:13,75.79,100%,I know that you weren't bored that day because there was a l...,No win (2 of 5)
56.,2009-05-01 09:14:54,75.07,100%,I remember when we used to sit in the government yard in Tre...,Win (1 of 4)
55.,2009-05-01 09:13:40,68.20,100%,"Oh bliss! Bliss and heaven! Oh, it was gorgeousness and gorg...",Win (1 of 2)
54.,2009-05-01 09:12:02,80.02,100%,"Padre, these are subtleties! We are not concerned with motiv...",No win (2 of 3)
53.,2009-05-01 09:10:03,71.19,100%,"Geometry sets out from certain conceptions such as ""plane,"" ...",Win (1 of 3)
52.,2009-05-01 09:08:14,67.65,100%,"Double, double, toil and trouble; fire burn, and cauldron bu...",No win (3 of 5)
51.,2009-05-01 09:06:19,75.04,100%,In 1873 the Sholes & Glidden Type Writer became the firs...,Win (1 of 4)
50.,2009-05-01 09:04:13,78.84,100%,"You found paradise in America. You had a good trade, made a ...",No win (2 of 3)
49.,2009-05-01 09:02:34,87.64,100%,She's got eyes of the bluest skies as if they thought of rai...,No win (2 of 4)
48.,2009-05-01 09:01:14,84.74,100%,The chemistry of an element is determined by the manner in w...,Win (1 of 5)
47.,2009-05-01 09:00:08,70.04,100%,The evidence in the standard history of Qwerty versus Dvorak...,Win (1 of 5)
46.,2009-05-01 08:58:42,75.65,100%,We've known each other for many years but this is the first ...,No win (3 of 5)
45.,2009-05-01 08:57:33,67.44,100%,"Disillusion is the greatest gift I can give you. But, becaus...",No win (2 of 3)
44.,2009-05-01 08:56:03,69.99,100%,I drew the blankets over my head and tried to think of Chris...,No win (3 of 4)
43.,2009-05-01 08:54:42,72.47,100%,"Imagine considering ""if"" as a two-finger movement instead of...",Win (1 of 3)
42.,2009-05-01 08:53:17,80.65,100%,"The problem is, Willie, is that Charles and yourself are not...",Win (1 of 5)
41.,2009-05-01 05:07:37,89.41,100%,I have quit three jobs and been fired from all the rest. Get...,Win (1 of 5)
40.,2009-05-01 05:06:18,72.46,100%,"They had been given a sign - a powerful, lucid sign - that u...",Win (1 of 5)
39.,2009-05-01 05:04:40,74.13,100%,We've arranged a global civilization in which most crucial e...,No win (2 of 5)
38.,2009-05-01 05:03:28,78.80,100%,"Do you smell that? Napalm, son. Nothing else in the world sm...",No win (2 of 4)
37.,2009-05-01 05:02:23,78.31,100%,Overhead the albatross hangs motionless upon the air and dee...,No win (2 of 5)
36.,2009-05-01 05:01:18,76.38,100%,Who is Keyser Soze? He is supposed to be Turkish. Some say h...,Win (1 of 3)
35.,2009-05-01 05:00:03,75.41,100%,"Yeah, you just take Soupy-Sales to prom 'cause I can think o...",No win (2 of 3)
34.,2009-05-01 04:59:00,70.91,100%,Few smart kids can spare the attention that popularity requi...,No win (3 of 3)
33.,2009-05-01 04:57:35,72.40,100%,"But suddenly, I viddied that thinking was for the gloopy one...",No win (3 of 4)
32.,2009-05-01 04:56:40,62.29,100%,The evidence in the standard history of Qwerty versus Dvorak...,No win (2 of 3)
31.,2009-05-01 04:55:12,71.51,100%,"Ezekiel twenty-five, seventeen: The path of the righteous ma...",No win (2 of 3)
30.,2009-05-01 04:53:30,77.03,100%,The problem we now face is that this thin layer of atmospher...,Win (1 of 3)
29.,2009-05-01 04:51:59,72.40,100%,"Now you might ask yourself, if by yourself you mean me, ""Ste...",Win (1 of 4)
28.,2009-05-01 04:50:22,82.34,100%,I don't believe in painted roses or bleeding hearts while bu...,Win (1 of 2)
27.,2009-05-01 04:49:26,73.15,100%,"Because they're at the bottom of the scale, nerds are a safe...",No win (3 of 4)
26.,2009-05-01 04:47:39,86.45,100%,"My name is Turkish. Funny name for an Englishman, I know. My...",No win (2 of 4)
25.,2009-05-01 03:59:28,73.55,100%,"Thirdly, however, these wars could now be waged with the new...",Win (1 of 2)
24.,2009-05-01 03:57:43,77.99,100%,"My darling, you have to be standing up in order to be able t...",No win (2 of 3)
23.,2009-05-01 03:55:45,72.72,100%,"He's got a two day head start on you, which is more than he ...",No win (2 of 3)
22.,2009-05-01 03:52:47,78.12,100%,"The terminator wouldn't stop, it would never leave him. It w...",No win (2 of 4)
21.,2009-05-01 03:50:59,85.90,100%,"Keying text quickly is important, but it is more important t...",Win (1 of 4)
20.,2009-05-01 03:49:06,83.18,100%,He had spent enormous amounts of time at the great libraries...,Win (1 of 5)
19.,2009-05-01 03:47:27,81.13,100%,"Some pilots like the excitement of our missions, knowing tha...",No win (2 of 4)
18.,2009-05-01 03:45:37,76.12,100%,"Time is tricky. You have whole months, even years, when noth...",No win (2 of 4)
17.,2009-05-01 03:43:38,70.74,100%,So my heart goes out to them. Figuratively. I would never ac...,No win (3 of 4)
16.,2009-05-01 03:40:20,74.14,100%,Language is one of the keys to being human. It allows us to ...,Win (1 of 4)
15.,2009-05-01 03:37:28,73.63,100%,Is it really necessary to send that email? The more emails y...,No win (2 of 3)
14.,2009-05-01 03:30:09,66.51,100%,"It's a sunny, woodsy day in Lumberton, so get those chainsaw...",No win (2 of 3)
13.,2009-05-01 03:28:44,85.72,100%,And I will strike down upon thee with great vengeance and fu...,Win (1 of 2)
12.,2009-05-01 03:26:02,76.13,100%,I suddenly had the impression that I had been left all alone...,Win (1 of 3)
11.,2009-05-01 03:24:29,64.76,100%,Every time I think of you I feel shot right through with a b...,No win (5 of 5)
10.,2009-05-01 02:50:17,70.87,100%,Typing competitions provided another test of the Qwerty keyb...,No win (2 of 3)
9.,2009-05-01 02:48:25,65.50,100%,"The brain can be a tool. It can recall phone numbers, solve ...",No win (2 of 3)
8.,2009-05-01 02:45:49,64.97,100%,"As if that blind rage had washed me clean, rid me of hope; f...",No win (2 of 2)
7.,2009-05-01 02:42:59,66.94,100%,All that year the animals worked like slaves. But they were ...,No win (2 of 3)
6.,2009-05-01 02:41:42,56.35,100%,"Tis but thy name that is my enemy. Thou art thyself, though ...",No win (4 of 5)
5.,2009-04-30 05:09:37,59.48,100%,"Yet one fine day, in a fit of euphoria, after he had picked ...",No win (1 of 1)
4.,2009-04-30 05:07:47,56.93,100%,The treatment of atoms with more than one electron requires ...,No win (2 of 2)
3.,2009-03-21 09:14:40,54.99,100%,"Yes, the newspapers were right: snow was general all over Ir...",No win (2 of 2)
2.,2009-03-21 09:08:22,60.85,100%,"There was me, that is Alex, and my three droogs, that is Pet...",No win (1 of 1)
1.,2009-03-21 09:02:50,64.92,100%,"She's got a smile that, it seems to me, reminds me of childh...",No win (1 of 1)
