604.,2011-03-22 12:29:33,97.68,100%,Even the best-designed chair won't make up for bad posture. ...,No win (4 of 4)
603.,2011-03-22 12:28:09,80.67,100%,One thing I've learned in the last seven years: in every gam...,No win (3 of 3)
602.,2011-03-22 12:27:24,80.74,100%,"When we conceive of the sweetest being ever, we are conceivi...",No win (4 of 4)
601.,2011-03-22 12:26:14,67.62,100%,"That's Tommy. He tells people he was named after a gun, but ...",No win (2 of 2)
600.,2011-03-22 12:25:29,88.79,100%,One thing I've learned in the last seven years: in every gam...,No win (4 of 4)
599.,2011-03-22 12:23:58,85.20,100%,You've got a way to keep me on your side. You give me cause ...,No win (3 of 4)
598.,2011-03-22 12:23:17,92.02,100%,So what's in this for you? Should you rush out in search of ...,No win (2 of 3)
597.,2011-03-22 12:21:42,87.64,100%,"However, let us leave aside the philosophical, social, and e...",No win (2 of 3)
596.,2011-03-22 12:20:37,98.52,100%,"I had a dream. There was our world, and the world was dark b...",No win (3 of 4)
595.,2011-03-22 12:19:15,95.09,100%,Let me tell you why you're here. You're here because you kno...,No win (4 of 4)
594.,2011-03-22 12:18:09,84.01,100%,"Because they're at the bottom of the scale, nerds are a safe...",No win (4 of 5)
593.,2011-03-22 12:17:03,107.38,100%,"I know a bloke who knows a bloke who knows a bloke. Now, I k...",Win (1 of 3)
592.,2011-03-22 12:16:28,94.41,100%,I drew the blankets over my head and tried to think of Chris...,Win (1 of 5)
591.,2011-03-22 12:15:45,88.26,100%,We began to recognize in them a strange obsession. After all...,Win (1 of 4)
590.,2011-03-22 12:14:42,89.32,100%,"But no matter how effective the lesson was, I never really u...",No win (2 of 3)
589.,2011-03-22 12:14:01,81.36,100%,"If I leave here tomorrow, would you still remember me? For I...",No win (2 of 3)
588.,2011-03-22 12:12:54,111.49,100%,Humans need to practice what they are learning a good deal b...,Win (1 of 2)
587.,2011-03-22 12:12:09,99.17,100%,"She's got a smile that, it seems to me, reminds me of childh...",No win (2 of 5)
586.,2011-03-22 12:11:28,89.48,100%,Since every piece of matter in the Universe is in some way a...,No win (2 of 5)
585.,2011-03-22 12:10:32,92.30,100%,She's got eyes of the bluest skies as if they thought of rai...,Win (1 of 2)
584.,2011-03-22 12:09:50,96.71,100%,Space is big. Really big. You just won't believe how vastly ...,No win (2 of 4)
583.,2011-03-22 12:08:52,92.96,100%,"Ticking away the moments that make up a dull day, you fritte...",No win (4 of 5)
582.,2011-03-22 12:08:14,80.60,100%,Groups of illegal miners smuggle themselves down in freight ...,No win (3 of 3)
581.,2011-03-22 12:07:27,86.10,100%,"The day dawned bleak and chill, a moving wall of gray light ...",Win (1 of 5)
580.,2011-03-22 12:06:22,93.26,100%,"You have a class of young strong men and women, and they wan...",Win (1 of 5)
579.,2011-02-16 02:04:23,77.65,100%,"Geometry sets out from certain conceptions such as ""plane,"" ...",Win (1 of 2)
578.,2011-02-16 02:02:57,77.08,100%,The theory of music emphasizes the elements from which music...,No win (2 of 3)
577.,2011-02-03 05:39:00,84.45,100%,Any finite number divided by infinity is as near to nothing ...,No win (3 of 3)
576.,2011-02-03 05:38:02,93.42,100%,"I believe in love, and I know that you do too. And I believe...",Win (1 of 5)
575.,2011-02-03 05:37:18,86.13,100%,"The time I waited seemed endless, and I felt doubts and fear...",No win (2 of 4)
574.,2011-02-03 05:36:31,105.21,100%,To an outsider's ear it sounds absurdly wild and ridiculous ...,Win (1 of 3)
573.,2011-02-03 05:35:55,82.27,100%,Most popular song lyrics have two sections - a verse and a b...,Win (1 of 3)
572.,2011-02-03 05:34:47,82.71,100%,Chance and chance alone has a message for us. Everything tha...,No win (1 of 1)
571.,2011-02-03 05:33:51,87.74,100%,I drew the blankets over my head and tried to think of Chris...,No win (3 of 4)
570.,2011-02-03 05:33:00,102.35,100%,"I had a dream. There was our world, and the world was dark b...",No win (2 of 3)
569.,2011-02-03 05:31:15,112.85,100%,Although his voice was also broken by uncertainty and his ha...,Win (1 of 3)
568.,2011-02-03 05:30:36,108.54,100%,A glooming peace this morning with it brings. The sun for so...,Win (1 of 3)
567.,2011-02-03 05:29:57,80.32,100%,"If I leave here tomorrow, would you still remember me? For I...",No win (2 of 2)
566.,2011-02-03 05:29:04,86.15,100%,"Ever since I was a child, folks have thought they had me peg...",No win (2 of 2)
565.,2011-02-03 05:28:27,101.12,100%,"Ticking away the moments that make up a dull day, you fritte...",Win (1 of 2)
564.,2011-02-03 05:27:25,90.71,100%,I never said I would stay to the end - I knew I would leave ...,Win (1 of 2)
563.,2011-02-03 05:26:22,93.98,100%,"I've heard there was a secret chord that David played, and i...",Win (1 of 3)
562.,2011-02-03 05:25:36,110.88,100%,"The Earth is a world, the world is a ball, a ball in a game ...",No win (2 of 5)
561.,2011-02-03 05:25:04,76.87,100%,"Around midafternoon, the snow thinned into sleet, and some u...",No win (4 of 5)
560.,2011-02-03 05:24:16,89.89,100%,"I don't want tickets, I need you to find me a painting, a cl...",No win (2 of 3)
559.,2011-02-02 05:59:00,75.65,100%,Music finds a comfortable parallel with that of human langua...,No win (2 of 4)
558.,2011-02-02 05:58:22,86.14,100%,"I had a dream. There was our world, and the world was dark b...",No win (1 of 1)
557.,2011-02-02 05:57:13,87.48,100%,Come sail your ships around me and burn your bridges down. W...,No win (3 of 5)
556.,2011-02-02 05:56:18,91.66,100%,I'd just like to point out that you were given every opportu...,No win (4 of 4)
555.,2011-02-02 05:55:18,86.57,100%,I've been looking so long at these pictures of you that I al...,No win (2 of 2)
554.,2011-02-02 05:54:37,85.97,100%,It doesn't mean much to be able to filter out most present-d...,No win (2 of 2)
553.,2011-02-02 05:53:11,89.55,100%,We've known each other for many years but this is the first ...,No win (2 of 3)
552.,2011-02-02 05:51:57,89.33,100%,"If you don't get what you want, you suffer; if you get what ...",No win (2 of 4)
551.,2011-02-02 05:50:37,79.30,100%,And then he calls me a jerk and says the last guy who though...,No win (2 of 3)
550.,2011-02-02 05:49:49,96.86,100%,"There is no pain, you are receding. A distant ship smoke on ...",No win (2 of 5)
549.,2011-02-02 05:48:47,92.58,100%,We began to recognize in them a strange obsession. After all...,No win (2 of 3)
548.,2011-02-02 05:46:46,86.50,100%,"Let me get this straight. You think that your client, one of...",Win (1 of 3)
547.,2011-02-02 05:45:38,101.07,100%,Now I want you to think and stop being a smart aleck. A man'...,Win (1 of 4)
546.,2011-02-02 05:44:47,70.58,100%,It doesn't mean much to be able to filter out most present-d...,No win (3 of 3)
545.,2011-02-02 05:43:59,87.30,100%,"I did my best, it wasn't much. I couldn't feel, so I tried t...",No win (3 of 3)
544.,2011-02-02 05:43:07,91.15,100%,"I know a bloke who knows a bloke who knows a bloke. Now, I k...",No win (4 of 5)
543.,2011-02-02 05:42:40,98.10,100%,The ultimate way to compose is to be able to keyboard as fas...,No win (2 of 5)
542.,2011-02-02 05:41:52,93.33,100%,"I believe in love, and I know that you do too. And I believe...",No win (2 of 5)
541.,2011-02-02 05:41:11,80.24,100%,Even the best-designed chair won't make up for bad posture. ...,No win (3 of 5)
540.,2011-02-02 05:40:22,113.08,100%,The odds are that you will generally meet the worst of them....,Win (1 of 4)
539.,2011-02-02 05:39:42,100.18,100%,Good games offer players a set of challenging problems and t...,No win (3 of 4)
538.,2011-02-02 05:39:14,92.69,100%,"A long time ago, I was in Burma, my friends and I were worki...",Win (1 of 3)
537.,2011-02-02 05:37:37,89.86,100%,"O clear intelligence, force beyond all measure! Gentlemen, I...",No win (2 of 5)
536.,2011-02-02 05:37:01,91.22,100%,I don't believe in painted roses or bleeding hearts while bu...,No win (3 of 4)
535.,2011-02-02 05:36:26,88.71,100%,All time is all time. It does not change. It does not lend i...,No win (2 of 5)
534.,2011-02-01 06:31:39,100.12,100%,The unknown future rolls toward us. I face it for the first ...,Win (1 of 3)
533.,2011-02-01 06:30:55,86.47,100%,I had the impression of being abandoned by everyone when the...,Win (1 of 2)
532.,2011-02-01 06:29:23,91.41,100%,"There is no physical separation after the slicing, so that e...",Win (1 of 3)
531.,2011-02-01 06:28:18,98.48,100%,"I had a job, I had a girl. I had something going, mister, in...",Win (1 of 4)
530.,2011-02-01 06:27:29,90.70,100%,"Well, it just so happens, this hacienda comes with its very ...",No win (3 of 3)
529.,2011-02-01 06:26:24,106.54,100%,"Time is tricky. You have whole months, even years, when noth...",Win (1 of 3)
528.,2011-02-01 06:24:59,88.89,100%,"Life is not suffering; it's just that you will suffer it, ra...",Win (1 of 3)
527.,2011-02-01 06:24:21,96.54,100%,"Life is not suffering; it's just that you will suffer it, ra...",Win (1 of 3)
526.,2011-02-01 06:23:40,101.52,100%,"When I was your age, television was called books. And this i...",Win (1 of 4)
525.,2011-02-01 06:22:40,98.00,100%,"Your face has fallen sad now, for you know the time is nigh....",Win (1 of 3)
524.,2011-02-01 06:21:50,76.90,100%,"Let's sort the buyers from the spiers, the needy from the gr...",Win (1 of 5)
523.,2011-02-01 06:20:41,86.01,100%,So what's in this for you? Should you rush out in search of ...,No win (2 of 3)
522.,2011-02-01 06:19:41,72.44,100%,"However, let us leave aside the philosophical, social, and e...",No win (3 of 3)
521.,2011-02-01 06:18:05,101.09,100%,Don't take anything personally - nothing others do is becaus...,Win (1 of 3)
520.,2011-02-01 06:16:47,104.47,100%,Music finds a comfortable parallel with that of human langua...,Win (1 of 3)
519.,2011-02-01 06:15:46,91.26,100%,"Keying text quickly is important, but it is more important t...",Win (1 of 3)
518.,2011-02-01 06:15:06,104.07,100%,"If we all go for the blonde and block each other, not a sing...",Win (1 of 2)
517.,2011-02-01 06:13:36,102.87,100%,"We turn away to face the cold, enduring chill, as the day be...",No win (2 of 3)
516.,2011-02-01 06:12:53,75.43,100%,Lucid but wholly false recollections can easily be induced b...,No win (2 of 2)
515.,2011-02-01 06:12:03,92.85,100%,Good games offer players a set of challenging problems and t...,Win (1 of 3)
514.,2011-02-01 06:11:25,97.22,100%,There's a hole in the world like a great black pit. And the ...,Win (1 of 3)
513.,2011-02-01 06:09:47,97.53,100%,"I had a dream. There was our world, and the world was dark b...",Win (1 of 3)
512.,2011-02-01 06:08:33,97.35,100%,"No matter how bad things are, you can always make things wor...",Win (1 of 3)
511.,2011-02-01 06:07:30,85.60,100%,You have to wonder: how do the machines know what Tasty Whea...,Win (1 of 2)
510.,2011-02-01 06:06:03,88.12,100%,We live in a charmed world. If we have money we can buy lite...,Win (1 of 3)
509.,2011-02-01 06:04:20,90.66,100%,There are very few things I wish I could change about those ...,Win (1 of 2)
508.,2011-02-01 06:02:33,89.91,100%,Be impeccable with your word - speak with integrity. Say onl...,Win (1 of 4)
507.,2011-02-01 06:01:27,93.52,100%,Remembering you running soft through the night. You were big...,No win (2 of 2)
506.,2011-01-31 13:42:13,95.82,100%,I had a friend who was a heavy drinker. If somebody asked hi...,No win (2 of 5)
505.,2011-01-31 13:38:25,86.20,100%,"Historically, most wines contained less than 14 percent alco...",No win (2 of 3)
504.,2011-01-31 13:37:33,82.29,100%,Don't take anything personally - nothing others do is becaus...,Win (1 of 4)
503.,2011-01-31 13:35:37,95.41,100%,"Well, it just so happens, this hacienda comes with its very ...",Win (1 of 4)
502.,2011-01-31 13:32:29,86.18,100%,"You just couldn't let me go, could you? This is what happens...",No win (3 of 4)
501.,2011-01-31 13:30:51,94.31,100%,"I don't believe in an interventionist God, but I know, darli...",Win (1 of 5)
500.,2011-01-31 13:29:59,92.01,100%,Music finds a comfortable parallel with that of human langua...,No win (2 of 3)
499.,2011-01-31 13:27:43,83.23,100%,"Now that I know that I'm breaking to pieces, I'll pull out m...",Win (1 of 4)
498.,2011-01-31 13:26:10,92.70,100%,To an outsider's ear it sounds absurdly wild and ridiculous ...,No win (2 of 3)
497.,2011-01-31 13:25:31,55.86,100%,"When the light of life has gone, no change for the meter. Th...",No win (3 of 3)
496.,2011-01-31 13:23:32,80.96,100%,"On a manual typewriter, strike the key with a nice sharp str...",Win (1 of 5)
495.,2011-01-31 13:20:22,70.37,100%,The truth of the matter is that there are a lot of available...,No win (5 of 5)
494.,2011-01-31 13:18:38,78.87,100%,"He's got a two day head start on you, which is more than he ...",Win (1 of 4)
493.,2011-01-31 13:06:13,59.29,100%,"Keying text quickly is important, but it is more important t...",No win (5 of 5)
492.,2011-01-31 13:05:16,102.08,100%,"When the light of life has gone, no change for the meter. Th...",No win (2 of 4)
491.,2011-01-31 13:03:44,92.68,100%,"I had a dream. There was our world, and the world was dark b...",Win (1 of 2)
490.,2011-01-31 12:59:31,97.25,100%,"You found paradise in America. You had a good trade, made a ...",Win (1 of 5)
489.,2011-01-31 12:58:02,102.29,100%,"I had a dream. There was our world, and the world was dark b...",Win (1 of 2)
488.,2011-01-31 12:56:32,81.04,100%,Few smart kids can spare the attention that popularity requi...,Win (1 of 3)
487.,2011-01-31 12:53:52,95.36,100%,Imagine for a moment if we once again knew these few unremar...,No win (2 of 4)
486.,2011-01-31 12:51:22,107.19,100%,The place to improve the world is first in one's own heart a...,Win (1 of 5)
485.,2011-01-31 12:50:36,82.52,100%,"When we conceive of the sweetest being ever, we are conceivi...",No win (2 of 2)
484.,2011-01-31 12:49:43,86.12,100%,Do I really look like a guy with a plan? You know what I am?...,No win (3 of 3)
483.,2011-01-31 12:48:37,84.63,100%,"Air-conditioned, odorless, illuminated by buzzing fluorescen...",Win (1 of 4)
482.,2011-01-31 12:46:02,80.52,100%,"It's a sunny, woodsy day in Lumberton, so get those chainsaw...",Win (1 of 4)
481.,2011-01-31 07:56:31,91.56,100%,One thing I've learned in the last seven years: in every gam...,Win (1 of 4)
480.,2011-01-31 07:54:33,76.04,100%,"You just couldn't let me go, could you? This is what happens...",Win (1 of 2)
479.,2011-01-31 07:53:23,88.90,100%,"When I really worry about something, I don't just fool aroun...",No win (2 of 2)
478.,2011-01-31 07:52:29,85.82,100%,"As if that blind rage had washed me clean, rid me of hope; f...",Win (1 of 3)
477.,2011-01-31 07:51:35,103.72,100%,"But older than me now, more constant, more real, and the fur...",Win (1 of 4)
476.,2011-01-31 07:50:53,78.95,100%,"I was hugely impressed. Kirk, I mean Shatner, was the ultima...",Win (1 of 2)
475.,2011-01-31 07:50:04,80.63,100%,And then he calls me a jerk and says the last guy who though...,No win (2 of 4)
474.,2011-01-31 07:49:15,88.58,100%,"I believe in love, and I know that you do too. And I believe...",Win (1 of 5)
473.,2011-01-31 07:48:40,74.97,100%,It is greatly to America's advantage that it is a congenial ...,Win (1 of 3)
472.,2011-01-31 07:47:24,99.91,100%,One essential rule: make sure the joke is the last possible ...,No win (2 of 4)
471.,2011-01-31 07:46:43,86.67,100%,"Let me get this straight. You think that your client, one of...",No win (2 of 5)
470.,2011-01-31 07:46:01,88.32,100%,"But older than me now, more constant, more real, and the fur...",Win (1 of 4)
469.,2011-01-31 07:45:08,87.41,100%,There are two places on Earth that serve as canaries in the ...,Win (1 of 3)
468.,2011-01-31 07:44:07,73.93,100%,"If you are given too many choices, if you are forced to cons...",No win (2 of 3)
467.,2011-01-31 07:42:56,82.33,100%,"Right, I am going to tell you how this works. You're going i...",Win (1 of 3)
466.,2011-01-31 07:41:26,70.09,100%,"Kid, I've flown from one side of this galaxy to the other, a...",No win (2 of 2)
465.,2011-01-31 07:40:09,89.92,100%,"I'm so glad you came, I'm so glad you remembered, to see how...",Win (1 of 3)
464.,2011-01-31 07:39:29,92.24,100%,So it's all come back round to breaking apart again. Breakin...,No win (2 of 5)
463.,2011-01-31 07:38:29,59.59,100%,"Get it straight buster - I'm not here to say please, I'm her...",Win (1 of 3)
462.,2011-01-31 07:37:31,79.10,100%,Indonesia is a nation of islands - more than seventeen thous...,No win (2 of 3)
461.,2011-01-31 07:36:31,91.09,100%,"If you really want to hear about it, the first thing you'll ...",No win (2 of 5)
460.,2011-01-31 07:35:32,95.82,100%,"Milt, with the excellent timing of a master comedy writer, w...",Win (1 of 3)
459.,2011-01-31 07:34:38,103.90,100%,"The Earth is a world, the world is a ball, a ball in a game ...",Win (1 of 3)
458.,2011-01-31 07:34:02,84.71,100%,"If I leave here tomorrow, would you still remember me? For I...",Win (1 of 3)
457.,2011-01-31 07:33:10,99.23,100%,There are two places on Earth that serve as canaries in the ...,Win (1 of 3)
456.,2011-01-31 07:32:06,94.93,100%,"This planet has, or rather had, a problem, which was this: m...",Win (1 of 3)
455.,2011-01-31 07:31:14,87.74,100%,So it's all come back round to breaking apart again. Breakin...,No win (3 of 3)
454.,2011-01-31 07:30:02,88.58,100%,All the blue light reflections that color my mind when I sle...,Win (1 of 3)
453.,2011-01-31 07:29:19,89.45,100%,"Throughout my academic career, I'd given some pretty good ta...",Win (1 of 3)
452.,2011-01-30 03:31:48,89.91,100%,I drew the blankets over my head and tried to think of Chris...,No win (2 of 3)
451.,2011-01-30 03:30:56,87.78,100%,"The sooner your kids appreciate the value of work, the more ...",No win (3 of 5)
450.,2011-01-30 03:29:54,83.77,100%,Sholes consulted with an educator who helped him analyze the...,No win (1 of 1)
449.,2011-01-28 03:22:22,106.97,100%,"We speak of something carried and something carrying, of som...",Win (1 of 4)
448.,2011-01-28 03:21:37,89.23,100%,I'd just like to point out that you were given every opportu...,No win (2 of 4)
447.,2011-01-28 03:20:26,82.24,100%,"Warmer water increases the moisture content of storms, and w...",Win (1 of 5)
446.,2011-01-28 03:19:33,89.25,100%,"And you know it's time to go, through the sleet and driving ...",No win (2 of 3)
445.,2011-01-28 03:18:20,93.75,100%,I've been looking so long at these pictures of you that I al...,No win (2 of 2)
444.,2011-01-28 03:17:22,80.65,100%,"When you are typing on a typewriter, your input appears dire...",No win (2 of 4)
443.,2011-01-28 03:16:36,79.85,100%,"Let's sort the buyers from the spiers, the needy from the gr...",No win (1 of 1)
442.,2011-01-28 03:15:06,89.42,100%,"But suddenly, I viddied that thinking was for the gloopy one...",Win (1 of 3)
441.,2011-01-28 03:13:36,89.59,100%,"I went to the woods because I wished to live deliberately, t...",No win (2 of 3)
440.,2011-01-28 03:12:45,68.54,100%,To an outsider's ear it sounds absurdly wild and ridiculous ...,No win (2 of 3)
439.,2011-01-28 03:12:10,91.87,100%,There are very few things I wish I could change about those ...,Win (1 of 4)
438.,2011-01-28 03:11:17,98.50,100%,Is it really necessary to send that email? The more emails y...,Win (1 of 4)
437.,2011-01-28 03:10:14,117.19,100%,There's a piece of Maria in every song that I sing. And the ...,Win (1 of 5)
436.,2011-01-28 03:08:53,91.34,100%,Good games offer players a set of challenging problems and t...,No win (2 of 4)
435.,2011-01-28 03:08:07,78.91,100%,"And though my journeys did take me to a great many states, a...",No win (2 of 3)
434.,2011-01-28 03:06:47,101.77,100%,"For centuries, the battle of morality was fought between tho...",Win (1 of 5)
433.,2011-01-28 03:05:25,101.49,100%,There's a hole in the world like a great black pit. And the ...,Win (1 of 3)
432.,2011-01-28 03:04:34,103.35,100%,"When I was your age, television was called books. And this i...",Win (1 of 5)
431.,2011-01-28 03:03:58,77.57,100%,"Oh bliss! Bliss and heaven! Oh, it was gorgeousness and gorg...",Win (1 of 5)
430.,2011-01-28 03:03:11,92.72,100%,"Well, the way they make shows is, they make one show. That s...",No win (3 of 5)
429.,2011-01-28 03:02:17,74.24,100%,And then he calls me a jerk and says the last guy who though...,No win (2 of 2)
428.,2011-01-28 03:01:20,101.35,100%,"But, pray how could that which I spoke so many years ago, an...",Win (1 of 3)
427.,2011-01-28 03:00:28,87.14,100%,"I don't want tickets, I need you to find me a painting, a cl...",Win (1 of 5)
426.,2011-01-28 02:59:19,96.65,100%,We were playing checkers. I used to kid her once in a while ...,Win (1 of 2)
425.,2011-01-28 02:58:19,89.78,100%,Convection also plays a minor role because of the relative t...,Win (1 of 2)
424.,2011-01-27 08:13:37,86.96,100%,"But no matter how effective the lesson was, I never really u...",Win (1 of 3)
423.,2011-01-27 08:12:49,87.67,100%,"Contrary to the feminist cant, there are many things we can ...",Win (1 of 2)
422.,2011-01-27 07:36:50,58.93,100%,My entire life had been on a predictable trajectory dominate...,No win (3 of 4)
421.,2011-01-27 07:12:06,87.73,100%,Any finite number divided by infinity is as near to nothing ...,No win (4 of 5)
420.,2011-01-27 07:10:53,76.59,100%,And then he calls me a jerk and says the last guy who though...,No win (3 of 3)
419.,2011-01-27 07:09:49,95.97,100%,He rode past me and kept on goin'. Never said nothin' goin' ...,No win (2 of 3)
418.,2011-01-27 07:08:15,88.50,100%,Convection also plays a minor role because of the relative t...,No win (2 of 4)
417.,2011-01-27 07:07:05,106.16,100%,"Ticking away the moments that make up a dull day, you fritte...",Win (1 of 3)
416.,2011-01-27 07:05:53,86.29,100%,Space is big. Really big. You just won't believe how vastly ...,No win (2 of 2)
415.,2011-01-27 07:04:31,86.11,100%,We don't need no education. We don't need no thought control...,Win (1 of 3)
414.,2011-01-27 07:03:27,93.74,100%,"Let me get this straight. You think that your client, one of...",Win (1 of 2)
413.,2011-01-27 07:02:36,89.32,100%,"You have a class of young strong men and women, and they wan...",No win (2 of 3)
412.,2011-01-27 07:01:19,80.38,100%,What? A swallow carrying a coconut? It's not a question of w...,No win (4 of 4)
411.,2011-01-27 07:00:15,104.61,100%,Now I want you to think and stop being a smart aleck. A man'...,No win (3 of 4)
410.,2011-01-27 06:59:23,92.95,100%,We've known each other for many years but this is the first ...,No win (3 of 3)
409.,2011-01-27 06:58:07,92.96,100%,"Keying text quickly is important, but it is more important t...",Win (1 of 2)
408.,2011-01-27 06:57:21,90.01,100%,Good games offer players a set of challenging problems and t...,Win (1 of 2)
407.,2011-01-27 02:29:20,70.97,100%,"When you are typing on a typewriter, your input appears dire...",Win (1 of 3)
406.,2011-01-27 02:28:21,83.45,100%,There are very few things I wish I could change about those ...,No win (3 of 4)
405.,2011-01-27 02:27:08,76.70,100%,I still see things that are not here. I just choose not to a...,No win (2 of 4)
404.,2011-01-27 02:26:20,103.61,100%,The unknown future rolls toward us. I face it for the first ...,No win (2 of 3)
403.,2011-01-27 02:24:45,89.49,100%,All that year the animals worked like slaves. But they were ...,No win (2 of 4)
402.,2011-01-27 02:23:38,91.55,100%,Now I want you to think and stop being a smart aleck. A man'...,No win (2 of 4)
401.,2011-01-27 02:22:57,80.64,100%,"If I leave here tomorrow, would you still remember me? For I...",No win (3 of 3)
400.,2011-01-27 02:21:59,89.28,100%,Language is one of the keys to being human. It allows us to ...,Win (1 of 4)
399.,2011-01-27 02:20:07,111.90,100%,I don't know why he saved my life. Maybe in those last momen...,Win (1 of 2)
398.,2011-01-27 02:18:49,103.39,100%,"But older than me now, more constant, more real, and the fur...",Win (1 of 3)
397.,2011-01-27 02:18:07,87.21,100%,I had the impression of being abandoned by everyone when the...,Win (1 of 3)
396.,2011-01-27 02:16:43,94.89,100%,"Contrary to the feminist cant, there are many things we can ...",No win (2 of 3)
395.,2011-01-22 02:55:02,89.92,100%,The problem we now face is that this thin layer of atmospher...,Win (1 of 2)
394.,2011-01-22 02:53:36,104.02,100%,"If we all go for the blonde and block each other, not a sing...",Win (1 of 4)
393.,2011-01-22 02:52:24,94.50,100%,"My darling, you have to be standing up in order to be able t...",Win (1 of 3)
392.,2011-01-22 02:51:06,93.01,100%,"Good games stay within, but at the outer edge, of the player...",No win (2 of 3)
391.,2011-01-22 02:50:29,87.66,100%,There's a piece of Maria in every song that I sing. And the ...,No win (2 of 4)
390.,2011-01-22 02:49:47,81.93,100%,"I was shaking like a leaf, so without thinking I lit up a ci...",No win (2 of 4)
389.,2011-01-22 02:48:26,87.68,100%,There is a theory which states that if anybody ever discover...,No win (3 of 3)
388.,2011-01-22 02:10:21,91.71,100%,She's got eyes of the bluest skies as if they thought of rai...,Win (1 of 3)
387.,2011-01-22 02:09:27,76.21,100%,"Listen, strange women lyin' in ponds distributin' swords is ...",No win (1 of 1)
386.,2011-01-22 02:08:40,85.86,100%,There's a piece of Maria in every song that I sing. And the ...,No win (3 of 3)
385.,2011-01-22 02:07:58,92.67,100%,Yet the web of thought has no such creases and is more like ...,Win (1 of 3)
384.,2011-01-22 02:07:04,102.10,100%,The place to improve the world is first in one's own heart a...,Win (1 of 3)
383.,2011-01-22 02:06:18,95.07,100%,There's a hole in the world like a great black pit. And the ...,No win (2 of 2)
382.,2011-01-22 02:05:46,80.68,100%,"Let's sort the buyers from the spiers, the needy from the gr...",Win (1 of 3)
381.,2011-01-21 04:12:25,78.67,100%,"A computer needs a manager to administer its operations, jus...",Win (1 of 2)
380.,2011-01-21 04:11:41,95.43,100%,Remembering you running soft through the night. You were big...,No win (2 of 3)
379.,2011-01-21 04:11:08,89.55,100%,"Comfortable, Mullet? It seems sadly ironic that it's that ti...",Win (1 of 2)
378.,2011-01-21 04:10:07,79.45,100%,"Today, you people are no longer maggots. Today, you are Mari...",No win (3 of 3)
377.,2011-01-21 04:09:09,83.43,100%,I said that I would see you because I had heard that you wer...,No win (4 of 5)
376.,2011-01-21 04:08:04,90.59,100%,"Many people limit themselves to leading boring, dull lives b...",No win (3 of 5)
375.,2011-01-21 04:07:08,90.70,100%,"My darling, you have to be standing up in order to be able t...",No win (2 of 3)
374.,2011-01-21 04:06:21,102.40,100%,"That fear had been inside him for many years, it had lived w...",Win (1 of 3)
373.,2011-01-21 04:05:28,89.37,100%,"Ticking away the moments that make up a dull day, you fritte...",No win (3 of 3)
372.,2011-01-21 04:04:50,97.98,100%,"If we all go for the blonde and block each other, not a sing...",No win (3 of 3)
371.,2011-01-21 04:03:31,91.59,100%,"The problem is, Willie, is that Charles and yourself are not...",Win (1 of 3)
370.,2011-01-21 04:02:14,85.82,100%,If I'm curt with you it's because time is a factor. I think ...,Win (1 of 2)
369.,2011-01-21 04:01:13,89.51,100%,"And in the world a heart of darkness, a firezone, where poet...",Win (1 of 2)
368.,2011-01-21 04:00:18,91.34,100%,"Picking up the pieces, half alive in a nine 'til five, vacan...",Win (1 of 2)
367.,2011-01-21 03:59:30,92.96,100%,"There is no pain, you are receding. A distant ship smoke on ...",No win (1 of 1)
366.,2011-01-21 03:58:28,98.76,100%,There are very few things I wish I could change about those ...,No win (2 of 3)
365.,2011-01-21 03:57:38,87.81,100%,"Throughout my academic career, I'd given some pretty good ta...",Win (1 of 3)
364.,2011-01-21 03:57:04,88.70,100%,"As if that blind rage had washed me clean, rid me of hope; f...",No win (2 of 3)
363.,2011-01-21 03:56:11,93.01,100%,It is possible that I already had some presentiment of my fu...,Win (1 of 4)
362.,2011-01-21 03:55:28,99.12,100%,If I'm curt with you it's because time is a factor. I think ...,No win (2 of 4)
361.,2011-01-21 03:54:25,102.58,100%,And I don't believe in the existence of angels but looking a...,Win (1 of 4)
360.,2011-01-21 03:53:36,79.95,100%,The beginner writes just twenty pieces. The professional wri...,No win (2 of 2)
359.,2011-01-21 03:52:41,107.10,100%,Step out the front door like a ghost into the fog where no o...,No win (2 of 3)
358.,2011-01-21 03:51:45,104.11,100%,"One day you're in a funk about things, telling a friend that...",No win (2 of 3)
357.,2011-01-21 03:50:51,97.33,100%,"My darling, you have to be standing up in order to be able t...",Win (1 of 2)
356.,2011-01-21 03:49:50,78.87,100%,Remember that humor is written backwards. That means you fir...,No win (3 of 4)
355.,2011-01-21 03:49:09,104.41,100%,"You have a class of young strong men and women, and they wan...",No win (3 of 3)
354.,2011-01-21 03:47:47,85.87,100%,Music finds a comfortable parallel with that of human langua...,No win (4 of 5)
353.,2011-01-21 03:47:17,79.81,100%,These contests provided ample opportunity to demonstrate the...,No win (4 of 5)
352.,2011-01-21 03:46:24,83.60,100%,Aztec rule was based upon a system of tribute and fear over ...,No win (2 of 3)
351.,2011-01-21 03:44:31,84.70,100%,Gardeners know how to grow top-notch crops. They determine w...,No win (2 of 3)
350.,2011-01-21 03:43:27,96.63,100%,The odds are that you will generally meet the worst of them....,No win (2 of 5)
349.,2011-01-21 03:42:40,83.95,100%,"My darling, you have to be standing up in order to be able t...",Win (1 of 3)
348.,2011-01-21 03:41:49,65.31,100%,The pickpockets' profession demands extraordinary nimbleness...,Win (1 of 3)
347.,2011-01-21 03:41:02,75.40,100%,My entire life had been on a predictable trajectory dominate...,Win (1 of 2)
346.,2011-01-21 03:39:56,85.74,100%,"As customers of all races, nationalities, and cultures visit...",No win (2 of 3)
345.,2011-01-21 03:38:45,97.97,100%,There's a hole in the world like a great black pit. And the ...,Win (1 of 3)
344.,2011-01-21 03:37:57,77.34,100%,"Run to the bedroom, in the suitcase on the left, you'll find...",No win (4 of 4)
343.,2011-01-21 03:36:40,95.65,100%,"Time is tricky. You have whole months, even years, when noth...",Win (1 of 4)
342.,2011-01-21 03:35:49,75.60,100%,Had dreams. Two of 'em. Both had my father. It's peculiar. I...,No win (4 of 4)
341.,2011-01-21 03:32:56,110.17,100%,The place to improve the world is first in one's own heart a...,Win (1 of 3)
340.,2011-01-21 03:32:11,82.26,100%,"It turned out that the sweet-talking, tattoo-sporting pikey ...",No win (2 of 4)
339.,2011-01-21 03:31:10,100.99,100%,I can already hear your tune calling me across the room. Whe...,No win (3 of 5)
338.,2011-01-21 03:29:34,90.58,100%,We go waiting for the stars to come showering down. From Mos...,Win (1 of 2)
337.,2011-01-21 03:27:57,90.77,100%,"I'm so glad you came, I'm so glad you remembered to see how ...",Win (1 of 4)
336.,2011-01-21 03:25:42,100.24,100%,The time has come for man to set himself a goal. The time ha...,No win (2 of 2)
335.,2011-01-21 03:24:19,88.46,100%,"Let's sort the buyers from the spiers, the needy from the gr...",Win (1 of 2)
334.,2011-01-21 03:23:24,106.61,100%,"It was a marvelous night, the sort of night one only experie...",Win (1 of 3)
333.,2011-01-21 03:22:40,85.22,100%,"All Ninja are men of peace, and must always remain so or los...",Win (1 of 3)
332.,2011-01-20 04:09:37,86.83,100%,"But no matter how effective the lesson was, I never really u...",No win (4 of 4)
331.,2011-01-20 04:08:59,96.23,100%,Don't make assumptions - find the courage to ask questions a...,Win (1 of 5)
330.,2011-01-20 04:07:38,87.40,100%,"The time I waited seemed endless, and I felt doubts and fear...",No win (3 of 4)
329.,2011-01-20 04:06:58,83.53,100%,"To evaluate an option from the other side's point of view, c...",No win (4 of 5)
328.,2011-01-20 04:06:00,69.04,100%,"Anyway, like I was saying, shrimp is the fruit of the sea. Y...",No win (2 of 3)
327.,2011-01-20 04:04:59,89.23,100%,"I did my best, it wasn't much. I couldn't feel, so I tried t...",No win (3 of 5)
326.,2011-01-20 04:04:22,103.12,100%,"I went to the woods because I wished to live deliberately, t...",Win (1 of 4)
325.,2011-01-20 04:03:37,80.70,100%,We've known each other for many years but this is the first ...,No win (3 of 4)
324.,2011-01-20 04:02:38,92.52,100%,The pathology of setting a deadline to the earliest articula...,No win (2 of 3)
323.,2011-01-20 04:01:40,76.56,100%,"When I was a kid, you never saw radicchio in the produce sec...",Win (1 of 3)
322.,2011-01-20 04:00:07,99.96,100%,There is something about yourself that you don't know. Somet...,Win (1 of 2)
321.,2011-01-20 03:59:15,77.01,100%,"One day you're in a funk about things, telling a friend that...",No win (2 of 2)
320.,2011-01-20 03:57:51,92.18,100%,It was hard to toss things I had once thought were valuable ...,No win (3 of 3)
319.,2011-01-20 03:56:48,85.97,100%,Imagine for a moment if we once again knew these few unremar...,No win (2 of 4)
318.,2011-01-20 03:55:32,84.31,100%,"Imagine this: Here we are, a plane full of grown human being...",No win (2 of 3)
317.,2011-01-20 03:54:22,114.63,100%,"Comfortable, Mullet? It seems sadly ironic that it's that ti...",No win (2 of 3)
316.,2011-01-20 03:53:51,87.30,100%,"King, eh? Very nice. And how'd you get that, eh? By exploiti...",No win (2 of 4)
315.,2011-01-20 03:52:43,87.65,100%,"I had a dream. There was our world, and the world was dark b...",No win (5 of 5)
314.,2011-01-20 03:51:38,85.43,100%,Facts can be thought of as objective or subjective. Things a...,No win (3 of 4)
313.,2011-01-20 03:50:43,97.18,100%,"You have a class of young strong men and women, and they wan...",No win (2 of 5)
312.,2011-01-17 04:48:59,84.79,100%,"The time I waited seemed endless, and I felt doubts and fear...",Win (1 of 3)
311.,2011-01-17 04:48:16,104.11,100%,There's a hole in the world like a great black pit. And the ...,Win (1 of 2)
310.,2011-01-17 04:47:31,88.62,100%,"I know that the idea of raising well-rounded, smarter kids c...",Win (1 of 2)
309.,2011-01-17 04:46:23,98.88,100%,Come sail your ships around me and burn your bridges down. W...,Win (1 of 3)
308.,2011-01-17 04:45:25,79.77,100%,But if in efficient causes it is possible to go on to infini...,No win (3 of 4)
307.,2011-01-17 04:44:27,93.58,100%,The most precious treasures we have in life are the images w...,No win (2 of 3)
306.,2011-01-16 03:37:18,84.95,100%,Gardeners know how to grow top-notch crops. They determine w...,No win (1 of 1)
305.,2011-01-16 03:36:23,94.57,100%,You've got a way to keep me on your side. You give me cause ...,Win (1 of 3)
304.,2011-01-16 03:35:36,90.27,100%,The ultimate way to compose is to be able to keyboard as fas...,Win (1 of 3)
303.,2011-01-16 03:34:28,67.77,100%,You could choke a dozen donkeys on that! And you're haggling...,No win (2 of 2)
302.,2011-01-16 03:33:28,91.93,100%,I don't know why he saved my life. Maybe in those last momen...,No win (3 of 3)
301.,2011-01-16 03:32:04,87.51,100%,We all know people who are very bright but who do not always...,Win (1 of 3)
300.,2011-01-16 03:30:00,84.94,100%,He had spent enormous amounts of time at the great libraries...,Win (1 of 2)
299.,2011-01-16 03:29:02,78.92,100%,"All Ninja are men of peace, and must always remain so or los...",Win (1 of 3)
298.,2011-01-16 03:27:49,114.88,100%,"I know a bloke who knows a bloke who knows a bloke. Now, I k...",Win (1 of 3)
297.,2011-01-16 03:27:24,81.85,100%,"Today, you people are no longer maggots. Today, you are Mari...",Win (1 of 4)
296.,2011-01-16 03:26:27,90.47,100%,Your faith was strong but you needed proof. You saw her bath...,Win (1 of 2)
295.,2011-01-16 03:25:33,86.65,100%,"They knew they were privileged to have these choices, but th...",No win (1 of 1)
294.,2011-01-16 03:24:30,79.51,100%,Since the 1980s virtually all the sodas and most of the frui...,No win (3 of 3)
293.,2011-01-16 03:23:12,98.61,100%,Lucid but wholly false recollections can easily be induced b...,Win (1 of 2)
292.,2011-01-16 03:22:06,85.67,100%,"Good games stay within, but at the outer edge, of the player...",No win (2 of 3)
291.,2011-01-16 03:21:24,76.50,100%,"Double, double, toil and trouble; fire burn, and cauldron bu...",Win (1 of 2)
290.,2011-01-16 03:20:07,93.43,100%,"If you don't get what you want, you suffer; if you get what ...",No win (2 of 2)
289.,2011-01-15 07:11:37,80.58,100%,"Double, double, toil and trouble; fire burn, and cauldron bu...",Win (1 of 3)
288.,2011-01-15 07:10:26,57.60,100%,"Because most of the 150,000 tons of gold ever mined is still...",No win (3 of 4)
287.,2011-01-15 07:04:18,85.58,100%,"I rejected those answers; instead, I chose something differe...",Win (1 of 3)
286.,2011-01-15 07:03:18,75.30,100%,"The boy has not a real choice, has he? Self-interest, the fe...",No win (2 of 2)
285.,2011-01-15 07:02:18,88.08,100%,I know that you weren't bored that day because there was a l...,Win (1 of 3)
284.,2011-01-15 07:01:24,83.34,100%,All time is all time. It does not change. It does not lend i...,Win (1 of 4)
283.,2011-01-15 07:00:32,77.10,100%,The theory of music emphasizes the elements from which music...,No win (2 of 2)
282.,2011-01-15 06:59:32,82.47,100%,"With no map to navigate one's life, some of us have stood st...",No win (2 of 2)
281.,2011-01-15 06:58:28,81.24,100%,There's a piece of Maria in every song that I sing. And the ...,No win (2 of 3)
280.,2011-01-15 06:57:34,89.81,100%,Convection also plays a minor role because of the relative t...,Win (1 of 2)
279.,2011-01-15 06:56:19,80.46,100%,Even the best-designed chair won't make up for bad posture. ...,No win (3 of 5)
278.,2011-01-15 06:55:31,74.34,100%,Gardeners know how to grow top-notch crops. They determine w...,No win (2 of 2)
277.,2011-01-15 06:54:24,83.94,100%,The chemistry of an element is determined by the manner in w...,No win (2 of 2)
276.,2011-01-15 06:53:41,78.34,100%,"A little boy went out to play. When he opened his door, he s...",No win (3 of 3)
275.,2011-01-15 06:51:59,78.39,100%,"A long time ago, I was in Burma, my friends and I were worki...",No win (2 of 5)
274.,2011-01-15 06:50:38,87.89,100%,If there is one thing the history of evolution has taught us...,No win (2 of 3)
273.,2011-01-15 06:49:47,98.40,100%,So what's in this for you? Should you rush out in search of ...,Win (1 of 4)
272.,2011-01-15 06:48:54,106.64,100%,Language is one of the keys to being human. It allows us to ...,Win (1 of 4)
271.,2011-01-15 06:47:00,87.25,100%,The invention of the wheel represented a major turning point...,No win (1 of 1)
270.,2011-01-15 06:46:01,99.78,100%,Good games offer players a set of challenging problems and t...,Win (1 of 4)
269.,2011-01-15 06:45:20,84.54,100%,Don't take anything personally - nothing others do is becaus...,No win (2 of 4)
268.,2011-01-15 06:44:34,71.54,100%,"For centuries, the battle of morality was fought between tho...",No win (3 of 4)
267.,2011-01-15 03:37:40,97.32,100%,"It was a marvelous night, the sort of night one only experie...",Win (1 of 4)
266.,2011-01-15 03:36:55,66.57,100%,"Geometry sets out from certain conceptions such as ""plane,"" ...",Win (1 of 4)
265.,2011-01-15 03:35:18,77.58,100%,"They knew they were privileged to have these choices, but th...",No win (2 of 2)
264.,2011-01-15 03:34:10,87.81,100%,I suddenly had the impression that I had been left all alone...,No win (2 of 5)
263.,2011-01-15 03:33:26,74.47,100%,How many roads must a man walk down before you call him a ma...,No win (3 of 3)
262.,2011-01-15 03:31:58,87.61,100%,"This planet has, or rather had, a problem, which was this: m...",No win (3 of 4)
261.,2011-01-15 03:30:56,89.65,100%,If there is one thing the history of evolution has taught us...,Win (1 of 2)
260.,2011-01-15 03:30:11,79.60,100%,I drew the blankets over my head and tried to think of Chris...,No win (2 of 3)
259.,2011-01-15 03:29:03,83.77,100%,"If we all go for the blonde and block each other, not a sing...",No win (4 of 4)
258.,2011-01-15 03:28:05,89.38,100%,The treatment of atoms with more than one electron requires ...,Win (1 of 5)
257.,2011-01-15 03:26:51,67.01,100%,Some have a positive vocation for breaking open safes: from ...,Win (1 of 3)
256.,2011-01-15 03:25:36,84.41,100%,"Milt, with the excellent timing of a master comedy writer, w...",Win (1 of 4)
255.,2011-01-15 03:24:44,74.18,100%,From compositional considerations the tomato layer would be ...,Win (1 of 2)
254.,2011-01-14 02:33:27,78.19,100%,"Look, you should admit to yourself that Microsoft will miss ...",Win (1 of 3)
253.,2011-01-14 02:32:31,81.98,100%,I still see things that are not here. I just choose not to a...,Win (1 of 2)
252.,2011-01-14 02:31:36,75.25,100%,It doesn't mean much to be able to filter out most present-d...,No win (2 of 5)
251.,2011-01-14 02:30:50,78.42,100%,Since every piece of matter in the Universe is in some way a...,No win (2 of 4)
250.,2011-01-14 02:29:50,74.23,100%,"The goal of the true seeker is to become a sage, or superior...",No win (2 of 4)
249.,2011-01-14 02:28:43,84.48,100%,We go waiting for the stars to come showering down. From Mos...,Win (1 of 4)
248.,2011-01-14 02:27:54,73.09,100%,What? A swallow carrying a coconut? It's not a question of w...,No win (2 of 4)
247.,2011-01-14 02:26:40,86.10,100%,I thought climbing the Devil's Thumb would fix all that was ...,No win (2 of 5)
246.,2011-01-14 02:25:27,91.29,100%,The example of painting can teach us not only how to manage ...,No win (4 of 4)
245.,2011-01-14 02:24:34,68.37,100%,"Double, double, toil and trouble; fire burn, and cauldron bu...",No win (3 of 4)
244.,2011-01-14 02:23:14,88.49,100%,"There are two kinds of fibers in our muscles, red and white....",Win (1 of 5)
243.,2011-01-14 02:22:11,85.18,100%,In order to become an elf I filled out ten pages' worth of f...,Win (1 of 4)
242.,2011-01-14 02:21:15,61.65,100%,My entire life had been on a predictable trajectory dominate...,No win (2 of 3)
241.,2011-01-14 02:19:59,89.51,100%,"My friend, I shall be pedagogic, and say you ought to start ...",No win (2 of 3)
240.,2011-01-14 02:18:50,77.56,100%,"She's got a smile that, it seems to me, reminds me of childh...",No win (4 of 5)
239.,2011-01-14 02:17:51,67.54,100%,"In 1966, Andy Dufresne escaped from Shawshank prison. All th...",Win (1 of 4)
238.,2011-01-14 02:16:31,71.13,100%,Language is one of the keys to being human. It allows us to ...,No win (2 of 3)
237.,2011-01-14 02:15:32,72.33,100%,Some have a positive vocation for breaking open safes: from ...,Win (1 of 4)
236.,2011-01-14 02:14:31,91.11,100%,Step out the front door like a ghost into the fog where no o...,Win (1 of 5)
235.,2011-01-14 02:13:40,98.22,100%,Now I want you to think and stop being a smart aleck. A man'...,Win (1 of 2)
234.,2011-01-09 06:44:33,88.48,100%,"Keying text quickly is important, but it is more important t...",Win (1 of 2)
233.,2011-01-09 06:43:25,83.84,100%,"I don't believe in an interventionist God, but I know, darli...",Win (1 of 2)
232.,2011-01-09 06:42:32,96.62,100%,"Your face has fallen sad now, for you know the time is nigh....",Win (1 of 2)
231.,2011-01-09 06:41:36,90.21,100%,Since every piece of matter in the Universe is in some way a...,No win (2 of 3)
230.,2011-01-09 06:40:40,76.06,100%,"Keying text quickly is important, but it is more important t...",No win (1 of 1)
229.,2011-01-09 06:39:47,75.87,100%,"Yes, the newspapers were right: snow was general all over Ir...",Win (1 of 2)
228.,2011-01-09 06:38:57,90.83,100%,It was one of those days when it's a minute away from snowin...,Win (1 of 5)
227.,2011-01-09 06:38:04,84.03,100%,"And I said, I don't care if they lay me off either, because ...",Win (1 of 4)
226.,2011-01-09 06:36:55,95.47,100%,Step out the front door like a ghost into the fog where no o...,Win (1 of 3)
225.,2011-01-09 06:35:58,74.16,100%,The recipe for turning fruit into wine goes something like t...,Win (1 of 2)
224.,2011-01-09 06:34:18,72.42,100%,"Often, we assume that a familiar situation will be but a rep...",No win (2 of 4)
223.,2011-01-09 06:33:23,82.93,100%,Sparkling wines are wines that contain carbon dioxide bubble...,No win (2 of 2)
222.,2011-01-09 06:32:38,75.34,100%,Chance and chance alone has a message for us. Everything tha...,No win (2 of 2)
221.,2011-01-09 06:31:33,90.38,100%,"One day you're in a funk about things, telling a friend that...",Win (1 of 2)
220.,2011-01-09 06:30:30,81.12,100%,Is this the real life? Is this just fantasy? Caught in a lan...,No win (3 of 3)
219.,2011-01-09 06:29:16,79.25,100%,Is this the real life? Is this just fantasy? Caught in a lan...,No win (2 of 2)
218.,2011-01-09 06:28:19,86.09,100%,There is something about yourself that you don't know. Somet...,No win (3 of 5)
217.,2011-01-09 06:27:19,66.58,100%,"Yes, the newspapers were right: snow was general all over Ir...",Win (1 of 3)
216.,2011-01-09 06:26:18,93.24,100%,Is it sweeter to exist only in the mind or to exist both in ...,No win (2 of 4)
215.,2011-01-09 06:25:25,92.54,100%,"People get ready, there's a train coming. You don't need no ...",Win (1 of 2)
214.,2011-01-09 06:24:39,76.98,100%,Having endured the racial turmoil of the Civil Rights Moveme...,No win (2 of 2)
213.,2011-01-09 06:23:07,71.62,100%,"The melted mozzarella layer, which we shall designate MML, i...",No win (2 of 2)
212.,2011-01-09 06:22:11,78.78,100%,"But, pray how could that which I spoke so many years ago, an...",No win (4 of 4)
211.,2011-01-09 06:20:21,76.67,100%,"The problem is, Willie, is that Charles and yourself are not...",No win (2 of 4)
210.,2011-01-09 06:19:43,98.71,100%,"When we conceive of the sweetest being ever, we are conceivi...",Win (1 of 2)
209.,2011-01-09 06:18:55,69.39,100%,There's sometimes a buggy. How many drivers does a buggy hav...,No win (3 of 3)
208.,2011-01-09 06:17:31,75.19,100%,"Yet one fine day, in a fit of euphoria, after he had picked ...",Win (1 of 3)
207.,2011-01-09 06:16:07,91.01,100%,"That fear had been inside him for many years, it had lived w...",Win (1 of 2)
206.,2011-01-09 06:15:15,78.04,100%,The invention of the wheel represented a major turning point...,No win (2 of 2)
205.,2011-01-09 06:14:19,90.84,100%,"He's got a two day head start on you, which is more than he ...",Win (1 of 3)
204.,2011-01-09 06:13:12,94.14,100%,A glooming peace this morning with it brings. The sun for so...,Win (1 of 4)
203.,2011-01-09 06:12:27,83.85,100%,To an outsider's ear it sounds absurdly wild and ridiculous ...,No win (2 of 2)
202.,2011-01-09 06:11:43,87.36,100%,Who has a safety deposit box full of money and six passports...,No win (2 of 2)
201.,2011-01-09 06:10:49,93.06,100%,We began to recognize in them a strange obsession. After all...,No win (2 of 4)
200.,2011-01-09 06:09:58,98.17,100%,There's a piece of Maria in every song that I sing. And the ...,No win (3 of 3)
199.,2011-01-09 06:09:15,85.49,100%,"My friend, I shall be pedagogic, and say you ought to start ...",No win (2 of 2)
198.,2011-01-09 06:08:24,84.06,100%,Remember that humor is written backwards. That means you fir...,No win (2 of 2)
197.,2011-01-09 06:07:41,96.11,100%,The odds are that you will generally meet the worst of them....,Win (1 of 2)
196.,2011-01-09 06:06:49,86.29,100%,Even the best-designed chair won't make up for bad posture. ...,No win (4 of 4)
195.,2011-01-09 06:06:12,89.08,100%,"One respondent said ""For women - a lot of games are crap - t...",Win (1 of 3)
194.,2011-01-09 06:05:12,81.19,100%,There are two places on Earth that serve as canaries in the ...,Win (1 of 3)
193.,2011-01-09 06:04:09,90.55,100%,Don't make assumptions - find the courage to ask questions a...,No win (2 of 2)
192.,2011-01-09 06:03:04,86.61,100%,"I did my best, it wasn't much. I couldn't feel, so I tried t...",Win (1 of 2)
191.,2011-01-09 06:01:51,122.79,100%,Although his voice was also broken by uncertainty and his ha...,Win (1 of 3)
190.,2011-01-09 06:00:14,77.55,100%,We may climb into the thin and cold realm of pure geometry a...,No win (2 of 3)
189.,2011-01-09 05:59:28,79.69,100%,The chemistry of an element is determined by the manner in w...,No win (4 of 4)
188.,2011-01-09 05:58:48,80.95,100%,"After removal from the oven, the pizza is sliced and plated ...",No win (3 of 4)
187.,2011-01-09 05:57:51,90.42,100%,You've got a way to keep me on your side. You give me cause ...,No win (4 of 5)
186.,2011-01-09 05:57:15,80.61,100%,"Contrary to the feminist cant, there are many things we can ...",No win (2 of 2)
185.,2011-01-09 05:56:23,98.03,100%,I don't know why he saved my life. Maybe in those last momen...,Win (1 of 3)
184.,2011-01-09 05:55:26,90.28,100%,The example of painting can teach us not only how to manage ...,No win (3 of 3)
183.,2011-01-09 05:54:24,116.81,100%,Now I want you to think and stop being a smart aleck. A man'...,Win (1 of 2)
182.,2011-01-09 05:52:18,78.67,100%,"Because most of the 150,000 tons of gold ever mined is still...",Win (1 of 4)
181.,2011-01-09 05:51:23,103.86,100%,"When I was your age, television was called books. And this i...",Win (1 of 5)
180.,2011-01-09 05:50:44,84.13,100%,"It is a period of civil war. Rebel spaceships, striking from...",Win (1 of 3)
179.,2011-01-09 05:49:44,72.93,100%,Is this the real life? Is this just fantasy? Caught in a lan...,No win (1 of 1)
178.,2011-01-09 05:48:31,84.47,100%,Paper as we know it today was invented in China in around 10...,No win (3 of 3)
177.,2011-01-09 05:47:34,81.55,100%,All time is all time. It does not change. It does not lend i...,No win (2 of 3)
176.,2011-01-09 05:46:29,83.29,100%,"Now that I know that I'm breaking to pieces, I'll pull out m...",No win (2 of 2)
175.,2011-01-09 05:45:16,101.05,100%,And when he rode past I seen he was carryin' fire in a horn ...,Win (1 of 2)
174.,2011-01-09 05:44:11,80.04,100%,At the time when Britain faced a plunge into chaos and darkn...,No win (1 of 1)
173.,2011-01-09 05:42:52,93.02,100%,I don't believe in painted roses or bleeding hearts while bu...,Win (1 of 3)
172.,2011-01-09 05:42:19,87.85,100%,"Life is not suffering; it's just that you will suffer it, ra...",No win (3 of 3)
171.,2011-01-09 05:41:32,107.79,100%,The unknown future rolls toward us. I face it for the first ...,Win (1 of 3)
170.,2011-01-09 05:41:00,79.70,100%,So what's in this for you? Should you rush out in search of ...,No win (3 of 5)
169.,2011-01-09 05:40:02,85.67,100%,"And though my journeys did take me to a great many states, a...",No win (2 of 3)
168.,2011-01-09 05:39:14,104.48,100%,"When we conceive of the sweetest being ever, we are conceivi...",No win (2 of 5)
167.,2011-01-09 05:38:25,98.79,100%,"On a manual typewriter, strike the key with a nice sharp str...",Win (1 of 4)
166.,2011-01-09 05:37:39,85.36,100%,"There was me, that is Alex, and my three droogs, that is Pet...",Win (1 of 5)
165.,2011-01-08 04:27:52,86.65,100%,"Get it straight buster - I'm not here to say please, I'm her...",No win (2 of 3)
164.,2011-01-08 04:26:51,91.18,100%,There's a hole in the world like a great black pit. And the ...,No win (3 of 4)
163.,2011-01-08 04:22:02,80.00,100%,"As customers of all races, nationalities, and cultures visit...",No win (2 of 3)
162.,2011-01-08 04:20:58,68.66,100%,I sincerely believe that if women study male lessons on conc...,No win (2 of 5)
161.,2011-01-08 04:19:56,77.33,100%,Do you know what they call a Quarter-pounder with cheese in ...,No win (4 of 4)
160.,2011-01-08 04:19:18,75.38,100%,"Trudging slowly over wet sand, back to the bench where your ...",No win (3 of 5)
159.,2011-01-08 04:18:44,80.78,100%,"Do you smell that? Napalm, son. Nothing else in the world sm...",No win (3 of 4)
158.,2011-01-08 04:17:46,82.88,100%,The Inca believed that if one did not give thanks and obedie...,Win (1 of 3)
157.,2011-01-08 04:16:46,88.26,100%,Don't make assumptions - find the courage to ask questions a...,Win (1 of 4)
156.,2011-01-08 04:15:57,91.43,100%,"Some pilots like the excitement of our missions, knowing tha...",Win (1 of 3)
155.,2011-01-08 03:49:30,86.51,100%,"I don't believe in an interventionist God, but I know, darli...",No win (3 of 4)
154.,2011-01-08 03:48:33,101.16,100%,"They knew they were privileged to have these choices, but th...",Win (1 of 2)
153.,2011-01-08 03:46:48,80.14,100%,"Good evening, London. Allow me first to apologize for this i...",No win (3 of 3)
152.,2011-01-08 03:44:36,99.37,100%,Let me tell you why you're here. You're here because you kno...,No win (2 of 2)
151.,2011-01-08 03:42:28,97.69,100%,"When we conceive of the sweetest being ever, we are conceivi...",No win (2 of 3)
150.,2011-01-08 03:41:26,89.96,100%,"But, pray how could that which I spoke so many years ago, an...",Win (1 of 3)
149.,2011-01-08 03:40:13,79.43,100%,"In the witch trials, it was nearly impossible to provide com...",No win (2 of 4)
148.,2011-01-08 03:38:55,89.55,100%,"Often, we assume that a familiar situation will be but a rep...",Win (1 of 3)
147.,2011-01-08 03:38:05,70.33,100%,Jay made up for the lack of glamour in his assignment by hav...,No win (3 of 3)
146.,2011-01-08 03:36:51,92.31,100%,"Time is tricky. You have whole months, even years, when noth...",No win (3 of 3)
145.,2011-01-08 03:35:51,96.02,100%,"I went to the woods because I wished to live deliberately, t...",No win (3 of 3)
144.,2011-01-08 03:35:14,76.21,100%,"Whenever you watch the mind, you withdraw consciousness from...",No win (3 of 3)
143.,2011-01-08 03:34:19,88.85,100%,It is possible that I already had some presentiment of my fu...,Win (1 of 4)
142.,2011-01-08 03:33:22,95.50,100%,Humans need to practice what they are learning a good deal b...,No win (3 of 3)
141.,2011-01-08 03:32:39,72.38,100%,"You just couldn't let me go, could you? This is what happens...",No win (2 of 3)
140.,2011-01-08 03:31:35,72.78,100%,"As if that blind rage had washed me clean, rid me of hope; f...",No win (2 of 2)
139.,2011-01-08 03:30:35,90.49,100%,The unknown future rolls toward us. I face it for the first ...,No win (2 of 4)
138.,2011-01-08 03:26:57,83.52,100%,There is a theory which states that if anybody ever discover...,Win (1 of 3)
137.,2011-01-08 03:25:35,87.28,100%,I said that I would see you because I had heard that you wer...,No win (2 of 4)
136.,2011-01-08 03:24:22,101.35,100%,Let's face it: there are tons of things in your home and lif...,Win (1 of 5)
135.,2011-01-08 03:23:42,79.27,100%,"Look, you should admit to yourself that Microsoft will miss ...",No win (2 of 4)
134.,2011-01-08 03:22:49,97.73,100%,"Time is tricky. You have whole months, even years, when noth...",No win (2 of 4)
133.,2011-01-08 03:21:38,88.42,100%,I've always wondered about this coat business. When I'm in a...,Win (1 of 4)
132.,2011-01-08 03:20:44,85.53,100%,"People get ready, there's a train coming. You don't need no ...",Win (1 of 3)
131.,2011-01-08 03:20:03,97.57,100%,"If we all go for the blonde and block each other, not a sing...",Win (1 of 3)
130.,2011-01-06 07:40:51,105.53,100%,And I don't believe in the existence of angels but looking a...,No win (3 of 4)
129.,2011-01-06 07:39:44,71.50,100%,"That day, for no particular reason, I decided to go for a li...",No win (4 of 5)
128.,2011-01-06 07:38:33,94.04,100%,Who has a safety deposit box full of money and six passports...,Win (1 of 3)
127.,2011-01-06 07:37:11,102.45,100%,One thing I've learned in the last seven years: in every gam...,No win (3 of 5)
126.,2011-01-06 07:35:50,84.07,100%,Imagine for a moment if we once again knew these few unremar...,No win (2 of 4)
125.,2011-01-06 07:34:37,84.46,100%,"And I said, I don't care if they lay me off either, because ...",No win (2 of 4)
124.,2011-01-06 07:33:26,74.72,100%,"The boy has not a real choice, has he? Self-interest, the fe...",Win (1 of 2)
123.,2011-01-06 07:31:20,81.78,100%,I don't believe in painted roses or bleeding hearts while bu...,No win (5 of 5)
122.,2011-01-06 07:30:41,86.55,100%,"A little boy went out to play. When he opened his door, he s...",No win (3 of 4)
121.,2011-01-06 07:30:02,86.65,100%,Well I woke in mid-afternoon cause that's when it all hurts ...,No win (3 of 5)
120.,2011-01-06 07:29:10,74.80,100%,"I can feel the heat closing in, feel them out there making t...",No win (2 of 2)
119.,2011-01-06 07:28:12,81.97,100%,"It may seem quite novelistic to you, and I am willing to agr...",No win (2 of 2)
118.,2011-01-06 07:27:02,76.44,100%,Overhead the albatross hangs motionless upon the air and dee...,No win (1 of 1)
117.,2011-01-06 07:25:55,100.24,100%,Well I woke in mid-afternoon cause that's when it all hurts ...,No win (2 of 5)
116.,2011-01-06 07:25:01,97.19,100%,And I don't believe in the existence of angels but looking a...,Win (1 of 3)
115.,2011-01-06 07:24:00,91.92,100%,I've been looking so long at these pictures of you that I al...,No win (3 of 5)
114.,2011-01-06 07:23:09,70.39,100%,"One respondent said ""For women - a lot of games are crap - t...",No win (3 of 3)
113.,2011-01-06 07:22:21,83.40,100%,"No matter how bad things are, you can always make things wor...",Win (1 of 2)
112.,2011-01-06 07:21:36,74.21,100%,The beginner writes just twenty pieces. The professional wri...,Win (1 of 2)
111.,2011-01-06 07:20:48,93.88,100%,Now I want you to think and stop being a smart aleck. A man'...,Win (1 of 2)
110.,2011-01-06 07:20:06,71.36,100%,Many wines have more than 14 percent alcohol because the win...,Win (1 of 2)
109.,2011-01-06 07:18:30,88.41,100%,"A long time ago, I was in Burma, my friends and I were worki...",No win (3 of 3)
108.,2011-01-06 07:16:57,77.85,100%,The treatment of atoms with more than one electron requires ...,No win (2 of 3)
107.,2011-01-06 07:15:41,98.37,100%,"You have a class of young strong men and women, and they wan...",No win (3 of 5)
106.,2011-01-06 07:14:54,91.83,100%,"It was a marvelous night, the sort of night one only experie...",Win (1 of 2)
105.,2011-01-06 07:14:03,92.49,100%,"When I really worry about something, I don't just fool aroun...",Win (1 of 3)
104.,2011-01-06 07:13:21,74.09,100%,Glancing through the 1977 Atlanta Yellow Pages reveals a cit...,Win (1 of 2)
103.,2011-01-06 07:12:16,94.57,100%,"If you really want to hear about it, the first thing you'll ...",Win (1 of 2)
102.,2011-01-06 07:11:15,73.31,100%,"This was the most delicious meal he'd had in recent years, a...",No win (2 of 2)
101.,2011-01-06 07:10:02,90.39,100%,We began to recognize in them a strange obsession. After all...,No win (2 of 4)
100.,2011-01-06 07:09:02,85.74,100%,"Many people limit themselves to leading boring, dull lives b...",Win (1 of 3)
99.,2011-01-06 07:07:52,90.79,100%,"Every craft and every investigation, and likewise every acti...",No win (2 of 4)
98.,2011-01-06 07:06:48,74.64,100%,"You ask Raymond what he does for a living and he says, ""I br...",No win (2 of 3)
97.,2011-01-05 07:27:20,88.35,100%,Many rivers to cross but I can't seem to find my way over. W...,Win (1 of 4)
96.,2011-01-05 07:26:31,86.86,100%,So what's in this for you? Should you rush out in search of ...,Win (1 of 3)
95.,2011-01-05 07:25:37,82.47,100%,I remember when we used to sit in the government yard in Tre...,Win (1 of 2)
94.,2011-01-05 07:24:37,87.87,100%,"And I said, I don't care if they lay me off either, because ...",Win (1 of 2)
93.,2011-01-03 10:40:43,70.93,100%,"Picking up the pieces, half alive in a nine 'til five, vacan...",Win (1 of 3)
92.,2011-01-03 10:39:38,76.51,100%,Chance and chance alone has a message for us. Everything tha...,No win (2 of 4)
91.,2011-01-03 10:38:44,75.47,100%,"One respondent said ""For women - a lot of games are crap - t...",Win (1 of 2)
90.,2011-01-03 10:37:49,105.28,100%,A glooming peace this morning with it brings. The sun for so...,Win (1 of 4)
89.,2011-01-03 10:36:49,81.39,100%,"I went to the woods because I wished to live deliberately, t...",No win (4 of 5)
88.,2011-01-03 10:35:59,79.28,100%,"O clear intelligence, force beyond all measure! Gentlemen, I...",No win (2 of 2)
87.,2011-01-03 10:35:09,68.50,100%,"First, the layer of dough bakes into bread, a low-water-cont...",No win (2 of 4)
86.,2011-01-03 10:33:47,82.72,100%,One thing I've learned in the last seven years: in every gam...,No win (2 of 3)
85.,2011-01-03 10:33:02,76.75,100%,"It may seem quite novelistic to you, and I am willing to agr...",Win (1 of 2)
84.,2011-01-03 10:32:03,80.53,100%,"My dog barks some. Mentally you picture my dog, but I have n...",Win (1 of 3)
83.,2011-01-03 10:31:22,81.79,100%,"Life is not suffering; it's just that you will suffer it, ra...",No win (2 of 3)
82.,2011-01-03 10:30:15,85.34,100%,I've always wondered about this coat business. When I'm in a...,Win (1 of 3)
81.,2011-01-03 10:29:23,77.76,100%,"Thirdly, however, these wars could now be waged with the new...",No win (4 of 4)
80.,2011-01-03 10:28:28,92.02,100%,"Ticking away the moments that make up a dull day, you fritte...",Win (1 of 5)
79.,2011-01-03 10:26:53,76.32,100%,"Let's sort the buyers from the spiers, the needy from the gr...",No win (3 of 3)
78.,2011-01-03 10:25:50,78.09,100%,"Keying text quickly is important, but it is more important t...",No win (3 of 3)
77.,2011-01-03 10:25:10,86.18,100%,"If I leave here tomorrow, would you still remember me? For I...",Win (1 of 5)
76.,2011-01-03 10:24:09,75.81,100%,"If you are given too many choices, if you are forced to cons...",No win (3 of 4)
75.,2011-01-03 10:23:15,77.62,100%,"Now that I know that I'm breaking to pieces, I'll pull out m...",No win (2 of 3)
74.,2011-01-03 10:21:47,96.37,100%,"When I was your age, television was called books. And this i...",Win (1 of 5)
73.,2011-01-03 10:21:04,91.08,100%,We go waiting for the stars to come showering down. From Mos...,Win (1 of 3)
72.,2011-01-03 10:20:11,96.64,100%,So it's all come back round to breaking apart again. Breakin...,No win (2 of 3)
71.,2011-01-03 10:19:18,93.02,100%,"This planet has, or rather had, a problem, which was this: m...",No win (2 of 4)
70.,2011-01-03 10:18:17,86.50,100%,"The only people for me are the mad ones, the ones who are ma...",No win (2 of 5)
69.,2011-01-03 10:17:19,82.12,100%,"I don't believe in an interventionist God, but I know, darli...",No win (3 of 5)
68.,2011-01-03 10:16:30,79.25,100%,Everything we hold dear likewise resolves into its original ...,No win (5 of 5)
67.,2011-01-03 10:15:17,92.92,100%,"There are two kinds of fibers in our muscles, red and white....",Win (1 of 4)
66.,2011-01-03 10:13:57,96.63,100%,Let's face it: there are tons of things in your home and lif...,Win (1 of 5)
65.,2011-01-03 10:13:04,84.64,100%,"On a manual typewriter, strike the key with a nice sharp str...",Win (1 of 5)
64.,2011-01-03 10:12:12,85.75,100%,"The problem is, Willie, is that Charles and yourself are not...",No win (2 of 4)
63.,2011-01-03 10:11:24,71.23,100%,The chemistry of an element is determined by the manner in w...,No win (2 of 3)
62.,2011-01-03 10:10:37,81.32,100%,"And though my journeys did take me to a great many states, a...",Win (1 of 5)
61.,2011-01-03 10:09:47,60.42,100%,Few smart kids can spare the attention that popularity requi...,Win (1 of 3)
60.,2011-01-03 10:08:23,80.60,100%,The unknown future rolls toward us. I face it for the first ...,No win (2 of 3)
59.,2011-01-03 10:07:42,86.84,100%,Corn is what feeds the steer that becomes the steak. Corn fe...,Win (1 of 4)
58.,2011-01-03 10:06:11,77.25,100%,"Excellent. He's enterprising, aggressive, outgoing, young, b...",Win (1 of 3)
57.,2011-01-03 10:05:14,69.10,100%,"As the netted bag says, this potato was grown in Idaho, that...",No win (2 of 4)
56.,2011-01-03 10:04:12,81.18,100%,"Often, we assume that a familiar situation will be but a rep...",Win (1 of 5)
55.,2011-01-03 10:03:21,93.75,100%,"I hope that whoever you are, you escape this place. I hope t...",No win (2 of 5)
54.,2011-01-03 10:02:24,75.10,100%,"Imagine this: Here we are, a plane full of grown human being...",Win (1 of 4)
53.,2011-01-03 07:30:46,73.37,100%,"If I leave here tomorrow, would you still remember me? For I...",Win (1 of 2)
52.,2011-01-03 07:29:17,103.16,100%,Step out the front door like a ghost into the fog where no o...,No win (1 of 1)
51.,2011-01-03 07:27:51,79.68,100%,The chemistry of an element is determined by the manner in w...,No win (3 of 3)
50.,2011-01-03 07:26:53,69.58,100%,There are two places on Earth that serve as canaries in the ...,No win (2 of 3)
49.,2011-01-03 07:25:39,85.75,100%,"She's got a smile that, it seems to me, reminds me of childh...",Win (1 of 4)
48.,2011-01-03 07:24:49,95.19,100%,"Comfortable, Mullet? It seems sadly ironic that it's that ti...",Win (1 of 5)
47.,2011-01-03 07:24:09,86.58,100%,"And I said, I don't care if they lay me off either, because ...",No win (2 of 2)
46.,2011-01-03 07:22:49,70.36,100%,"That fear had been inside him for many years, it had lived w...",No win (3 of 3)
45.,2011-01-03 07:19:40,84.55,100%,"My darling, you have to be standing up in order to be able t...",No win (3 of 3)
44.,2011-01-03 07:18:45,74.72,100%,Danger is a topic you're often asked about as a sprinter. Th...,Win (1 of 4)
43.,2011-01-03 07:17:28,84.42,100%,"One respondent said ""For women - a lot of games are crap - t...",Win (1 of 4)
42.,2011-01-03 07:16:42,79.56,100%,"He was rough around the edges. He'd been to school, but neve...",No win (2 of 3)
41.,2011-01-03 07:14:51,87.59,100%,"But, pray how could that which I spoke so many years ago, an...",No win (2 of 2)
40.,2011-01-03 07:13:59,96.24,100%,Although his voice was also broken by uncertainty and his ha...,Win (1 of 4)
39.,2011-01-03 07:13:21,89.96,100%,Music finds a comfortable parallel with that of human langua...,No win (2 of 5)
38.,2011-01-03 07:12:42,69.27,100%,"When I was a kid, you never saw radicchio in the produce sec...",Win (1 of 3)
37.,2011-01-03 07:11:24,98.34,100%,There's a piece of Maria in every song that I sing. And the ...,Win (1 of 3)
36.,2011-01-03 07:10:30,94.00,100%,We've known each other for many years but this is the first ...,Win (1 of 2)
35.,2011-01-03 07:09:17,78.74,100%,The basis of the Aztecs' success in creating a great state a...,Win (1 of 4)
34.,2011-01-03 07:08:03,79.22,100%,Danger is a topic you're often asked about as a sprinter. Th...,Win (1 of 4)
33.,2010-12-31 07:18:44,68.86,100%,Do I really look like a guy with a plan? You know what I am?...,No win (2 of 2)
32.,2010-12-31 07:17:09,81.86,100%,Come sail your ships around me and burn your bridges down. W...,No win (2 of 3)
31.,2010-12-31 07:16:02,68.76,100%,"No man is an island, entire of itself; every man is a piece ...",No win (2 of 3)
30.,2010-12-31 07:14:35,55.16,100%,"Let me get this straight. You think that your client, one of...",No win (2 of 4)
29.,2010-12-31 07:13:33,73.97,100%,Facts can be thought of as objective or subjective. Things a...,No win (2 of 4)
28.,2010-12-31 07:12:28,87.15,100%,Let's face it: there are tons of things in your home and lif...,Win (1 of 3)
27.,2010-12-31 07:11:38,75.79,100%,"Now that I know that I'm breaking to pieces, I'll pull out m...",Win (1 of 3)
26.,2010-12-31 07:10:19,77.30,100%,And I don't believe in the existence of angels but looking a...,No win (3 of 3)
25.,2010-12-31 07:09:11,82.74,100%,"Today, you people are no longer maggots. Today, you are Mari...",No win (2 of 4)
24.,2010-12-31 07:08:09,67.66,100%,"After removal from the oven, the pizza is sliced and plated ...",No win (2 of 4)
23.,2010-12-31 07:07:06,73.92,100%,"He's got a two day head start on you, which is more than he ...",No win (2 of 4)
22.,2010-12-31 07:06:12,84.06,100%,Don't make assumptions - find the courage to ask questions a...,No win (2 of 2)
21.,2010-12-31 07:05:20,92.05,100%,I was long into my second decade of living single before I c...,No win (2 of 5)
20.,2010-12-31 07:04:38,88.84,100%,And I don't believe in the existence of angels but looking a...,Win (1 of 3)
19.,2010-12-31 07:02:55,86.78,100%,I said that I would see you because I had heard that you wer...,No win (2 of 4)
18.,2010-12-31 07:01:47,78.51,100%,It was hard to toss things I had once thought were valuable ...,Win (1 of 5)
17.,2010-12-31 06:52:53,82.07,100%,"A little boy went out to play. When he opened his door, he s...",Win (1 of 2)
16.,2010-12-31 06:52:01,80.47,100%,Your inner child will be happy to know that when it comes to...,Win (1 of 2)
15.,2010-12-31 06:51:03,76.32,100%,Any finite number divided by infinity is as near to nothing ...,No win (2 of 3)
14.,2010-12-31 06:49:50,70.84,100%,"The world of typing has changed. In the 1970s, every busines...",No win (2 of 5)
13.,2010-12-31 06:48:35,59.53,100%,"Milt, with the excellent timing of a master comedy writer, w...",No win (3 of 3)
12.,2010-12-24 11:59:10,74.03,100%,"It's a sunny, woodsy day in Lumberton, so get those chainsaw...",No win (4 of 4)
11.,2010-12-24 11:58:24,76.58,100%,A giant inverted steel pyramid is perfectly balanced on its ...,No win (4 of 4)
10.,2010-12-24 11:57:19,62.13,100%,"I'm so glad you came, I'm so glad you remembered to see how ...",No win (2 of 3)
9.,2010-12-24 11:53:22,63.68,100%,The development of a living body of literature became indica...,No win (2 of 3)
8.,2010-12-24 11:51:58,65.01,100%,"People get ready, there's a train coming. You don't need no ...",No win (4 of 5)
7.,2010-12-24 11:50:25,74.62,100%,"Do you smell that? Napalm, son. Nothing else in the world sm...",No win (2 of 5)
6.,2010-12-24 11:49:19,78.63,100%,We go waiting for the stars to come showering down. From Mos...,Win (1 of 3)
5.,2010-12-24 11:48:29,83.10,100%,I don't know why he saved my life. Maybe in those last momen...,No win (3 of 4)
4.,2010-12-24 11:47:40,78.05,100%,"I know a bloke who knows a bloke who knows a bloke. Now, I k...",No win (2 of 2)
3.,2010-12-24 11:45:53,69.92,100%,"When you are typing on a typewriter, your input appears dire...",No win (4 of 5)
2.,2010-12-24 11:45:07,78.55,100%,"My darling, you have to be standing up in order to be able t...",Win (1 of 4)
1.,2010-12-24 11:43:43,82.96,100%,I remember when we used to sit in the government yard in Tre...,Win (1 of 3)
