384.,2011-03-11 15:25:34,125.23,100%,I had a friend who was a heavy drinker. If somebody asked hi...,Win (1 of 3)
383.,2011-03-11 15:24:28,136.12,100%,"Radiation could be precisely determined, in principle, if we...",Win (1 of 3)
382.,2011-02-04 08:19:22,133.16,100%,Music finds a comfortable parallel with that of human langua...,No win (1 of 1)
381.,2011-02-04 08:17:39,138.07,100%,Even the best-designed chair won't make up for bad posture. ...,No win (1 of 1)
380.,2011-02-03 08:29:37,140.20,100%,"Oh bliss! Bliss and heaven! Oh, it was gorgeousness and gorg...",Win (1 of 3)
379.,2011-02-03 08:28:44,88.90,100%,San Francisco in the middle sixties was a very special time ...,No win (3 of 4)
378.,2011-02-02 09:35:44,121.03,100%,"If you really want to hear about it, the first thing you'll ...",Win (1 of 2)
377.,2011-01-27 11:56:55,75.07,100%,"Kid, I've flown from one side of this galaxy to the other, a...",Win (1 of 2)
376.,2011-01-27 11:51:33,69.45,100%,"Double, double, toil and trouble; fire burn, and cauldron bu...",No win (4 of 4)
375.,2011-01-02 21:29:05,136.80,100%,"In May 1980, Fidel Castro opened the harbor at Mariel, Cuba ...",Win (1 of 4)
374.,2011-01-02 21:28:07,132.83,100%,"When the light of life has gone, no change for the meter. Th...",Win (1 of 3)
373.,2010-12-24 13:45:11,133.83,100%,"There are men who possess a peculiarly strong visual memory,...",Win (1 of 4)
372.,2010-12-24 11:31:30,117.12,100%,So I'm two inches away from her. Her luscious lips part. Jus...,No win (2 of 2)
371.,2010-12-24 11:30:48,137.55,100%,To drive out of the Central Valley of California on a hot da...,No win (2 of 2)
370.,2010-12-24 11:29:24,109.00,100%,But the two men were not lonely at all. At home they were co...,No win (4 of 4)
369.,2010-12-24 11:26:12,119.04,100%,"Yes, the newspapers were right: snow was general all over Ir...",No win (3 of 3)
368.,2010-12-24 11:23:31,118.81,100%,Your faith was strong but you needed proof. You saw her bath...,Win (1 of 2)
367.,2010-12-23 11:56:33,129.02,100%,"Hi, and welcome to the future. San Dimas, California, 2688. ...",Win (1 of 3)
366.,2010-12-23 11:55:41,89.89,100%,"The Earth is a world, the world is a ball, a ball in a game ...",No win (4 of 4)
365.,2010-12-23 11:00:42,113.51,100%,"As if that blind rage had washed me clean, rid me of hope; f...",No win (3 of 4)
364.,2010-12-23 10:45:11,109.74,100%,"My dog barks some. Mentally you picture my dog, but I have n...",No win (3 of 5)
363.,2010-12-23 10:44:17,124.26,100%,"A lot of people, especially this one psychoanalyst guy they ...",Win (1 of 3)
362.,2010-12-23 10:42:20,120.61,100%,And I don't believe in the existence of angels but looking a...,No win (2 of 2)
361.,2010-12-23 10:40:36,119.09,100%,"Hello, hello, hello, is there anybody in there? Just nod if ...",Win (1 of 3)
360.,2010-12-23 09:00:03,116.89,100%,And I don't believe in the existence of angels but looking a...,No win (3 of 3)
359.,2010-12-23 08:58:42,124.95,100%,"He started running, up and up, until he hurled himself into ...",Win (1 of 3)
358.,2010-12-23 08:53:36,119.77,100%,"Ticking away the moments that make up a dull day, you fritte...",No win (2 of 3)
357.,2010-12-23 08:46:52,126.21,100%,"I was hugely impressed. Kirk, I mean Shatner, was the ultima...",Win (1 of 3)
356.,2010-12-23 07:48:44,110.76,100%,"Let's sort the buyers from the spiers, the needy from the gr...",Win (1 of 2)
355.,2010-12-23 07:47:19,128.33,100%,"And you know it's time to go, through the sleet and driving ...",Win (1 of 2)
354.,2010-12-23 07:35:17,125.13,100%,"You needn't take it any further, sir. You've proved to me th...",Win (1 of 3)
353.,2010-12-23 07:34:40,126.69,100%,There is something about yourself that you don't know. Somet...,Win (1 of 5)
352.,2010-12-23 07:33:52,124.64,100%,"But no matter how effective the lesson was, I never really u...",No win (2 of 2)
351.,2010-12-23 07:23:49,120.78,100%,So it's all come back round to breaking apart again. Breakin...,Win (1 of 2)
350.,2010-12-23 07:21:05,133.70,100%,"Double, double, toil and trouble; fire burn, and cauldron bu...",Win (1 of 2)
349.,2010-12-23 07:20:11,121.34,100%,"And in the world a heart of darkness, a firezone, where poet...",Win (1 of 3)
348.,2010-12-23 07:19:11,123.76,100%,I've seen things you people wouldn't believe. Attack ships o...,Win (1 of 2)
347.,2010-12-23 07:18:08,124.45,100%,It doesn't mean much to be able to filter out most present-d...,No win (2 of 3)
346.,2010-12-23 07:08:14,116.54,100%,"Whenever you watch the mind, you withdraw consciousness from...",Win (1 of 3)
345.,2010-12-23 07:07:16,96.81,100%,There are two places on Earth that serve as canaries in the ...,Win (1 of 2)
344.,2010-12-23 06:25:30,115.10,100%,It's the possibility of having a dream come true that makes ...,No win (2 of 3)
343.,2010-12-23 06:24:48,107.93,100%,"When I was your age, television was called books. And this i...",Win (1 of 2)
342.,2010-12-23 06:21:52,114.92,100%,All time is all time. It does not change. It does not lend i...,No win (2 of 4)
341.,2010-12-23 06:21:10,126.61,100%,Do you know what they call a Quarter-pounder with cheese in ...,Win (1 of 2)
340.,2010-12-23 06:20:18,117.71,100%,"Right, I am going to tell you how this works. You're going i...",No win (2 of 3)
339.,2010-12-23 06:19:00,131.71,100%,Unlike the other four senses located in the logical regions ...,Win (1 of 4)
338.,2010-12-23 06:17:11,123.21,100%,"O clear intelligence, force beyond all measure! Gentlemen, I...",Win (1 of 2)
337.,2010-12-23 06:12:29,123.46,100%,"You needn't take it any further, sir. You've proved to me th...",Win (1 of 3)
336.,2010-12-23 06:11:48,136.22,100%,"Good games stay within, but at the outer edge, of the player...",Win (1 of 3)
335.,2010-12-23 06:04:10,63.08,100%,Jay made up for the lack of glamour in his assignment by hav...,No win (2 of 3)
334.,2010-12-23 06:02:37,117.43,100%,"The brain can be a tool. It can recall phone numbers, solve ...",No win (2 of 4)
333.,2010-12-23 06:01:05,127.31,100%,"When you are typing on a typewriter, your input appears dire...",Win (1 of 3)
332.,2010-12-23 06:00:25,134.08,100%,"As the netted bag says, this potato was grown in Idaho, that...",No win (1 of 1)
331.,2010-12-23 05:59:07,135.68,100%,"King, eh? Very nice. And how'd you get that, eh? By exploiti...",Win (1 of 4)
330.,2010-12-23 05:58:23,133.11,100%,"Kid, I've flown from one side of this galaxy to the other, a...",Win (1 of 5)
329.,2010-12-23 05:57:39,104.74,100%,We were playing checkers. I used to kid her once in a while ...,No win (2 of 5)
328.,2010-12-23 05:56:24,122.92,100%,"If you really want to hear about it, the first thing you'll ...",No win (2 of 2)
327.,2010-12-23 05:55:12,119.72,100%,"Let's sort the buyers from the spiers, the needy from the gr...",Win (1 of 3)
326.,2010-12-23 05:54:03,112.77,100%,Lucid but wholly false recollections can easily be induced b...,Win (1 of 4)
325.,2010-12-23 05:53:02,139.30,100%,Once you get into the processed foods you have to be a fairl...,Win (1 of 2)
324.,2010-12-22 14:26:44,102.05,100%,There's a piece of Maria in every song that I sing. And the ...,No win (3 of 5)
323.,2010-12-22 14:24:41,111.91,100%,"Do you smell that? Napalm, son. Nothing else in the world sm...",No win (3 of 3)
322.,2010-12-22 14:24:04,127.09,100%,"If you are given too many choices, if you are forced to cons...",Win (1 of 3)
321.,2010-12-22 14:23:19,118.91,100%,"Everyone said I was daft to build a castle on a swamp, but I...",Win (1 of 5)
320.,2010-12-22 14:22:25,103.76,100%,"The Earth is a world, the world is a ball, a ball in a game ...",Win (1 of 3)
319.,2010-12-22 14:21:19,131.58,100%,"Let's sort the buyers from the spiers, the needy from the gr...",Win (1 of 3)
318.,2010-12-22 14:20:33,116.60,100%,There's a piece of Maria in every song that I sing. And the ...,Win (1 of 3)
317.,2010-12-22 11:13:04,115.53,100%,Any finite number divided by infinity is as near to nothing ...,No win (2 of 3)
316.,2010-12-22 11:12:12,131.54,100%,I thought climbing the Devil's Thumb would fix all that was ...,Win (1 of 4)
315.,2010-12-22 10:46:46,114.89,100%,Humans need to practice what they are learning a good deal b...,No win (3 of 4)
314.,2010-12-22 10:46:02,102.29,100%,"I'm so glad you came, I'm so glad you remembered, to see how...",Win (1 of 4)
313.,2010-12-22 10:44:37,137.96,100%,The pathology of setting a deadline to the earliest articula...,Win (1 of 4)
312.,2010-12-22 10:43:32,132.52,100%,"That fear had been inside him for many years, it had lived w...",Win (1 of 3)
311.,2010-12-22 10:42:36,102.88,100%,"I know a bloke who knows a bloke who knows a bloke. Now, I k...",No win (2 of 3)
310.,2010-12-22 10:42:01,131.60,100%,"The sooner your kids appreciate the value of work, the more ...",Win (1 of 4)
309.,2010-12-22 10:37:02,135.78,100%,"The sooner your kids appreciate the value of work, the more ...",Win (1 of 3)
308.,2010-12-22 10:31:35,127.61,100%,I've been looking so long at these pictures of you that I al...,Win (1 of 4)
307.,2010-12-22 10:30:15,121.52,100%,You have to wonder: how do the machines know what Tasty Whea...,Win (1 of 5)
306.,2010-12-22 10:29:19,124.07,100%,"I did my best, it wasn't much. I couldn't feel, so I tried t...",Win (1 of 2)
305.,2010-12-22 10:28:35,139.38,100%,A total of twenty-five friends were headed from San Francisc...,Win (1 of 4)
304.,2010-12-22 10:21:52,117.74,100%,"I had a dream. There was our world, and the world was dark b...",Win (1 of 2)
303.,2010-12-22 10:20:52,112.83,100%,San Francisco in the middle sixties was a very special time ...,No win (2 of 4)
302.,2010-12-22 10:20:15,124.28,100%,Even the best-designed chair won't make up for bad posture. ...,Win (1 of 3)
301.,2010-12-22 10:19:26,117.11,100%,"Ticking away the moments that make up a dull day, you fritte...",Win (1 of 3)
300.,2010-12-22 10:17:56,104.88,100%,"The Earth is a world, the world is a ball, a ball in a game ...",No win (2 of 2)
299.,2010-12-22 10:15:35,140.93,100%,"Common knowledge has bicyclists always riding into the wind,...",Win (1 of 3)
298.,2010-12-22 10:12:46,127.86,100%,"There is no pain, you are receding. A distant ship smoke on ...",Win (1 of 3)
297.,2010-12-22 10:11:26,123.69,100%,"Yes, the newspapers were right: snow was general all over Ir...",No win (2 of 4)
296.,2010-12-22 10:09:56,138.81,100%,Yet the web of thought has no such creases and is more like ...,Win (1 of 3)
295.,2010-12-22 10:09:16,129.66,100%,"With no map to navigate one's life, some of us have stood st...",Win (1 of 3)
294.,2010-12-22 08:44:24,138.27,100%,I thought climbing the Devil's Thumb would fix all that was ...,Win (1 of 5)
293.,2010-12-22 08:42:39,131.71,100%,Most popular song lyrics have two sections - a verse and a b...,Win (1 of 3)
292.,2010-12-22 08:41:25,135.45,100%,Do you know what they call a Quarter-pounder with cheese in ...,Win (1 of 3)
291.,2010-12-22 08:40:25,126.08,100%,"In 1966, Andy Dufresne escaped from Shawshank prison. All th...",Win (1 of 3)
290.,2010-12-22 08:35:50,115.43,100%,"The sooner your kids appreciate the value of work, the more ...",No win (2 of 2)
289.,2010-12-22 08:34:28,129.67,100%,"This planet has, or rather had, a problem, which was this: m...",Win (1 of 3)
288.,2010-12-22 08:32:57,125.74,100%,"Everyone said I was daft to build a castle on a swamp, but I...",Win (1 of 4)
287.,2010-12-22 08:31:54,136.95,100%,Even the best-designed chair won't make up for bad posture. ...,Win (1 of 2)
286.,2010-12-22 08:05:56,127.31,100%,Your inner child will be happy to know that when it comes to...,No win (2 of 3)
285.,2010-12-22 07:46:08,132.16,100%,Good games offer players a set of challenging problems and t...,No win (2 of 2)
284.,2010-12-22 07:45:25,139.51,100%,Indonesia is a nation of islands - more than seventeen thous...,Win (1 of 3)
283.,2010-12-22 07:42:50,131.91,100%,Data is by definition easy to copy. And the Internet makes c...,Win (1 of 2)
282.,2010-12-22 07:40:50,105.14,100%,Having endured the racial turmoil of the Civil Rights Moveme...,Win (1 of 2)
281.,2010-12-22 07:39:05,125.19,100%,"That fear had been inside him for many years, it had lived w...",Win (1 of 3)
280.,2010-12-22 07:38:21,129.62,100%,If you're working out in front of a mirror and watching your...,Win (1 of 2)
279.,2010-12-22 07:37:38,86.61,100%,"Whether you're a student, secretary, office administrator, m...",No win (2 of 2)
278.,2010-12-22 07:36:51,124.77,100%,"On a manual typewriter, strike the key with a nice sharp str...",Win (1 of 2)
277.,2010-12-22 07:34:17,124.70,100%,The most precious treasures we have in life are the images w...,No win (2 of 2)
276.,2010-12-22 07:32:38,129.18,100%,"Yet one fine day, in a fit of euphoria, after he had picked ...",No win (2 of 2)
275.,2010-12-22 07:31:46,116.39,100%,The time has come for man to set himself a goal. The time ha...,No win (2 of 2)
274.,2010-12-22 07:30:47,128.85,100%,"Some pilots like the excitement of our missions, knowing tha...",Win (1 of 2)
273.,2010-12-22 07:30:02,115.42,100%,The only message I got was from the company that holds my st...,Win (1 of 3)
272.,2010-12-22 07:29:07,120.10,100%,Most popular song lyrics have two sections - a verse and a b...,Win (1 of 2)
271.,2010-12-22 07:22:58,125.87,100%,"When Betty and Billy fell asleep, he walked down to the kitc...",Win (1 of 5)
270.,2010-12-22 07:18:10,113.17,100%,"I don't believe in an interventionist God, but I know, darli...",No win (2 of 3)
269.,2010-12-22 07:17:21,138.06,100%,Since every piece of matter in the Universe is in some way a...,Win (1 of 2)
268.,2010-12-22 07:16:29,131.94,100%,"Combat for a naval aviator is fought in short, violent burst...",Win (1 of 2)
267.,2010-12-22 07:15:03,128.91,100%,For it is not enough to have a good mind; the main thing is ...,No win (1 of 1)
266.,2010-12-22 07:13:44,136.41,100%,"I can feel the heat closing in, feel them out there making t...",Win (1 of 3)
265.,2010-12-22 07:13:01,138.71,100%,"Padre, these are subtleties! We are not concerned with motiv...",Win (1 of 2)
264.,2010-12-22 07:08:28,95.45,100%,"It was a marvelous night, the sort of night one only experie...",No win (2 of 3)
263.,2010-12-22 07:06:41,130.96,100%,You have to wonder: how do the machines know what Tasty Whea...,Win (1 of 3)
262.,2010-12-22 07:04:26,103.41,100%,So what's in this for you? Should you rush out in search of ...,Win (1 of 2)
261.,2010-12-22 07:03:31,115.93,100%,"There are men who possess a peculiarly strong visual memory,...",Win (1 of 2)
260.,2010-12-22 06:46:30,139.47,100%,It was hard to toss things I had once thought were valuable ...,No win (1 of 1)
259.,2010-12-22 06:12:25,115.16,100%,"I've heard there was a secret chord that David played, and i...",No win (2 of 4)
258.,2010-12-21 14:30:19,139.53,100%,We've arranged a global civilization in which most crucial e...,Win (1 of 3)
257.,2010-12-21 14:29:19,133.42,100%,It is possible that I already had some presentiment of my fu...,Win (1 of 3)
256.,2010-12-21 14:15:07,122.12,100%,I drew the blankets over my head and tried to think of Chris...,Win (1 of 3)
255.,2010-12-21 14:14:25,130.60,100%,All the blue light reflections that color my mind when I sle...,Win (1 of 2)
254.,2010-12-21 13:38:32,111.14,100%,Unlike the other four senses located in the logical regions ...,No win (2 of 4)
253.,2010-12-21 13:29:42,114.91,100%,"I had a job, I had a girl. I had something going, mister, in...",No win (2 of 4)
252.,2010-12-21 13:27:20,113.55,100%,So it's all come back round to breaking apart again. Breakin...,No win (2 of 5)
251.,2010-12-21 10:55:12,133.79,100%,Supermarket aisles are the perfect place to practice your gl...,Win (1 of 2)
250.,2010-12-21 10:53:33,125.81,100%,I thought climbing the Devil's Thumb would fix all that was ...,Win (1 of 2)
249.,2010-12-21 10:49:52,91.80,100%,San Francisco in the middle sixties was a very special time ...,No win (3 of 4)
248.,2010-12-21 10:48:50,135.81,100%,"The Orient was almost a European invention, and had been sin...",Win (1 of 4)
247.,2010-12-21 10:47:32,134.53,100%,Sholes consulted with an educator who helped him analyze the...,Win (1 of 3)
246.,2010-12-21 10:46:24,120.75,100%,So it's all come back round to breaking apart again. Breakin...,Win (1 of 3)
245.,2010-12-21 10:43:54,105.35,100%,"A little boy went out to play. When he opened his door, he s...",No win (2 of 4)
244.,2010-12-21 10:41:44,116.89,100%,"Let's sort the buyers from the spiers, the needy from the gr...",Win (1 of 2)
243.,2010-12-21 10:40:43,96.97,100%,So what's in this for you? Should you rush out in search of ...,No win (2 of 4)
242.,2010-12-21 10:39:43,110.87,100%,There's sometimes a buggy. How many drivers does a buggy hav...,Win (1 of 3)
241.,2010-12-21 10:38:20,105.39,100%,"There is no physical separation after the slicing, so that e...",Win (1 of 4)
240.,2010-12-21 10:37:27,108.91,100%,"To evaluate an option from the other side's point of view, c...",No win (2 of 5)
239.,2010-12-21 10:36:43,115.73,100%,I'd just like to point out that you were given every opportu...,No win (4 of 5)
238.,2010-12-21 09:44:27,128.11,100%,"Yeah, you just take Soupy-Sales to prom 'cause I can think o...",Win (1 of 4)
237.,2010-12-21 09:43:19,127.46,100%,Let me tell you why you're here. You're here because you kno...,Win (1 of 4)
236.,2010-12-21 09:42:25,109.56,100%,At first they had tried to keep the finding quiet. After all...,Win (1 of 3)
235.,2010-12-21 09:39:19,139.21,100%,"Every craft and every investigation, and likewise every acti...",Win (1 of 3)
234.,2010-12-21 09:37:53,125.32,100%,"Now that I know that I'm breaking to pieces, I'll pull out m...",No win (1 of 1)
233.,2010-12-21 09:36:55,131.97,100%,It doesn't mean much to be able to filter out most present-d...,Win (1 of 3)
232.,2010-12-21 09:35:11,118.88,100%,"The only people for me are the mad ones, the ones who are ma...",Win (1 of 5)
231.,2010-12-21 09:31:55,125.13,100%,"But, pray how could that which I spoke so many years ago, an...",Win (1 of 5)
230.,2010-12-21 09:30:59,125.80,100%,"The only people for me are the mad ones, the ones who are ma...",Win (1 of 2)
229.,2010-12-21 09:30:02,114.08,100%,"The brain can be a tool. It can recall phone numbers, solve ...",Win (1 of 3)
228.,2010-12-21 09:28:58,120.63,100%,There are very few things I wish I could change about those ...,Win (1 of 4)
227.,2010-12-21 09:28:10,102.23,100%,"When you are typing on a typewriter, your input appears dire...",No win (2 of 2)
226.,2010-12-21 09:26:30,93.38,100%,I thought climbing the Devil's Thumb would fix all that was ...,Win (1 of 3)
225.,2010-12-21 09:23:40,133.31,100%,Data is by definition easy to copy. And the Internet makes c...,Win (1 of 2)
224.,2010-12-21 09:22:17,124.62,100%,Every time I think of you I feel shot right through with a b...,Win (1 of 3)
223.,2010-12-21 09:10:36,100.41,100%,I have quit three jobs and been fired from all the rest. Get...,No win (3 of 4)
222.,2010-12-21 09:09:47,125.60,100%,Yet the web of thought has no such creases and is more like ...,Win (1 of 2)
221.,2010-12-21 09:08:20,123.03,100%,Paper as we know it today was invented in China in around 10...,Win (1 of 2)
220.,2010-12-21 09:06:38,117.96,100%,"When I was a kid, you never saw radicchio in the produce sec...",Win (1 of 2)
219.,2010-12-21 09:05:49,115.85,100%,"Hey Mr. Tambourine Man, play a song for me, I'm not sleepy a...",No win (2 of 3)
218.,2010-12-21 09:05:07,98.42,100%,All time is all time. It does not change. It does not lend i...,No win (4 of 5)
217.,2010-12-21 07:45:15,115.08,100%,"Let's sort the buyers from the spiers, the needy from the gr...",Win (1 of 3)
216.,2010-12-21 07:44:35,99.50,100%,Every time I think of you I feel shot right through with a b...,Win (1 of 4)
215.,2010-12-21 07:43:36,111.97,100%,Data is by definition easy to copy. And the Internet makes c...,Win (1 of 3)
214.,2010-12-21 07:42:20,105.01,100%,"What good's a reward if you ain't around to use it? Besides,...",No win (2 of 4)
213.,2010-12-21 07:37:57,107.16,100%,"Tis but thy name that is my enemy. Thou art thyself, though ...",No win (1 of 1)
212.,2010-12-21 07:37:05,136.39,100%,"The Orient was almost a European invention, and had been sin...",Win (1 of 3)
211.,2010-12-21 07:36:00,122.15,100%,"Let me get this straight. You think that your client, one of...",Win (1 of 3)
210.,2010-12-21 07:35:14,133.57,100%,It was hard to toss things I had once thought were valuable ...,Win (1 of 2)
209.,2010-12-21 07:32:56,129.75,100%,Images of broken light which dance before me like a million ...,No win (2 of 2)
208.,2010-12-21 07:29:35,113.28,100%,The chemistry of an element is determined by the manner in w...,Win (1 of 5)
207.,2010-12-21 07:27:02,101.06,100%,Is this the real life? Is this just fantasy? Caught in a lan...,No win (4 of 4)
206.,2010-12-21 07:26:15,108.88,100%,"My name is Turkish. Funny name for an Englishman, I know. My...",Win (1 of 2)
205.,2010-12-21 07:22:24,92.75,100%,The only message I got was from the company that holds my st...,No win (2 of 3)
204.,2010-12-21 07:20:47,119.89,100%,Step out the front door like a ghost into the fog where no o...,Win (1 of 5)
203.,2010-12-21 07:19:56,132.17,100%,Don't take anything personally - nothing others do is becaus...,Win (1 of 3)
202.,2010-12-21 07:15:33,116.21,100%,"They say that right after God created man, he took a rib fro...",No win (2 of 2)
201.,2010-12-21 07:11:54,124.66,100%,The pathology of setting a deadline to the earliest articula...,No win (2 of 3)
200.,2010-12-21 07:10:54,137.31,100%,The streets were cleared by a Critical Mass bike ride and we...,Win (1 of 2)
199.,2010-12-21 06:52:17,101.62,100%,"The problem is, Willie, is that Charles and yourself are not...",No win (2 of 3)
198.,2010-12-21 06:51:10,119.84,100%,For it is not enough to have a good mind; the main thing is ...,No win (3 of 3)
197.,2010-12-21 06:49:42,111.92,100%,"In 1966, Andy Dufresne escaped from Shawshank prison. All th...",No win (3 of 4)
196.,2010-12-21 06:47:23,107.97,100%,The only preventive thing I do is wash clothes after buying ...,Win (1 of 2)
195.,2010-12-21 06:46:34,93.37,100%,"That's Tommy. He tells people he was named after a gun, but ...",No win (2 of 3)
194.,2010-12-21 06:45:48,134.22,100%,"Often, we assume that a familiar situation will be but a rep...",Win (1 of 2)
193.,2010-12-21 06:43:45,120.68,100%,"Padre, these are subtleties! We are not concerned with motiv...",Win (1 of 2)
192.,2010-12-21 06:42:26,134.84,100%,Groups of illegal miners smuggle themselves down in freight ...,Win (1 of 3)
191.,2010-12-21 06:39:13,116.53,100%,And I will strike down upon thee with great vengeance and fu...,Win (1 of 3)
190.,2010-12-21 06:38:38,103.23,100%,Too often writers believe that they can emphasize words by p...,No win (1 of 1)
189.,2010-12-21 06:36:39,127.32,100%,"Ergonomics is a term that combines the Greek word ergon, mea...",Win (1 of 2)
188.,2010-12-21 06:35:15,124.49,100%,The unknown future rolls toward us. I face it for the first ...,Win (1 of 3)
187.,2010-12-21 06:33:10,122.72,100%,"With no map to navigate one's life, some of us have stood st...",No win (2 of 4)
186.,2010-12-21 06:10:03,137.90,100%,Humans need to practice what they are learning a good deal b...,Win (1 of 3)
185.,2010-12-21 06:08:07,114.16,100%,"We turn away to face the cold, enduring chill, as the day be...",Win (1 of 2)
184.,2010-12-21 06:07:25,117.68,100%,I'd just like to point out that you were given every opportu...,No win (1 of 1)
183.,2010-12-21 06:06:19,131.43,100%,I can already hear your tune calling me across the room. Whe...,Win (1 of 4)
182.,2010-12-21 06:05:25,117.97,100%,Now I want you to think and stop being a smart aleck. A man'...,Win (1 of 2)
181.,2010-12-21 06:04:42,123.57,100%,"When you are typing on a typewriter, your input appears dire...",No win (1 of 1)
180.,2010-12-21 06:03:17,115.63,100%,"People get ready, there's a train coming. You don't need no ...",Win (1 of 2)
179.,2010-12-21 06:02:36,135.76,100%,You have to wonder: how do the machines know what Tasty Whea...,Win (1 of 2)
178.,2010-12-21 06:01:40,123.01,100%,She's got eyes of the bluest skies as if they thought of rai...,Win (1 of 3)
177.,2010-12-20 14:11:20,130.58,100%,He had spent enormous amounts of time at the great libraries...,Win (1 of 3)
176.,2010-12-20 14:10:30,127.41,100%,"I had a dream. There was our world, and the world was dark b...",No win (2 of 2)
175.,2010-12-20 14:09:37,128.45,100%,"I can feel the heat closing in, feel them out there making t...",No win (2 of 3)
174.,2010-12-20 14:07:53,130.30,100%,If you're working out in front of a mirror and watching your...,Win (1 of 2)
173.,2010-12-20 14:00:04,125.05,100%,"Look, you should admit to yourself that Microsoft will miss ...",No win (2 of 4)
172.,2010-12-20 13:56:33,133.62,100%,"Ezekiel twenty-five, seventeen: The path of the righteous ma...",Win (1 of 3)
171.,2010-12-20 13:55:33,94.20,100%,"That's Tommy. He tells people he was named after a gun, but ...",Win (1 of 3)
170.,2010-12-20 13:54:48,136.10,100%,"Whenever you watch the mind, you withdraw consciousness from...",Win (1 of 2)
169.,2010-12-20 13:52:09,124.72,100%,It was one of those days when it's a minute away from snowin...,No win (2 of 3)
168.,2010-12-20 13:47:40,136.97,100%,"One day you're in a funk about things, telling a friend that...",No win (2 of 3)
167.,2010-12-20 13:46:25,110.18,100%,She's got eyes of the bluest skies as if they thought of rai...,No win (2 of 2)
166.,2010-12-20 13:45:37,113.67,100%,All the blue light reflections that color my mind when I sle...,No win (3 of 4)
165.,2010-12-20 13:44:57,132.83,100%,"Combat for a naval aviator is fought in short, violent burst...",Win (1 of 3)
164.,2010-12-20 13:43:20,131.77,100%,It is greatly to America's advantage that it is a congenial ...,Win (1 of 2)
163.,2010-12-20 13:41:53,113.27,100%,Is this the real life? Is this just fantasy? Caught in a lan...,No win (2 of 4)
162.,2010-12-20 13:40:12,115.30,100%,"Milt, with the excellent timing of a master comedy writer, w...",Win (1 of 4)
161.,2010-12-20 13:39:20,86.15,100%,Do you know what they call a Quarter-pounder with cheese in ...,No win (3 of 3)
160.,2010-12-20 13:38:36,61.53,100%,She's got eyes of the bluest skies as if they thought of rai...,No win (5 of 5)
159.,2010-12-20 13:37:16,104.14,100%,"Warmer water increases the moisture content of storms, and w...",No win (3 of 3)
158.,2010-12-20 13:35:47,132.24,100%,I had a friend who was a heavy drinker. If somebody asked hi...,Win (1 of 2)
157.,2010-12-20 13:35:10,104.09,100%,"And I said, I don't care if they lay me off either, because ...",No win (2 of 5)
156.,2010-12-20 13:33:18,102.56,100%,Is it really necessary to send that email? The more emails y...,No win (2 of 5)
155.,2010-12-20 13:32:27,124.47,100%,"That fear had been inside him for many years, it had lived w...",Win (1 of 4)
154.,2010-12-20 13:31:13,127.28,100%,We go waiting for the stars to come showering down. From Mos...,No win (2 of 3)
153.,2010-12-20 13:30:21,108.87,100%,The time has come for man to set himself a goal. The time ha...,Win (1 of 4)
152.,2010-12-20 13:27:37,127.15,100%,All the blue light reflections that color my mind when I sle...,Win (1 of 3)
151.,2010-12-20 13:26:32,120.10,100%,Step out the front door like a ghost into the fog where no o...,No win (2 of 2)
150.,2010-12-20 13:12:07,91.50,100%,"There are men who possess a peculiarly strong visual memory,...",Win (1 of 2)
149.,2010-12-20 13:10:53,112.55,100%,"Time is tricky. You have whole months, even years, when noth...",No win (2 of 3)
148.,2010-12-20 13:09:10,120.92,100%,Supermarket aisles are the perfect place to practice your gl...,No win (2 of 4)
147.,2010-12-20 13:07:52,116.13,100%,To drive out of the Central Valley of California on a hot da...,Win (1 of 2)
146.,2010-12-20 13:02:42,134.02,100%,"The boy has not a real choice, has he? Self-interest, the fe...",Win (1 of 3)
145.,2010-12-20 13:01:54,125.26,100%,"No man is an island, entire of itself; every man is a piece ...",Win (1 of 5)
144.,2010-12-20 12:56:46,116.76,100%,Is it sweeter to exist only in the mind or to exist both in ...,Win (1 of 2)
143.,2010-12-20 12:48:52,131.59,100%,The evidence in the standard history of Qwerty versus Dvorak...,Win (1 of 2)
142.,2010-12-20 12:48:01,102.88,100%,"I know that the idea of raising well-rounded, smarter kids c...",No win (4 of 4)
141.,2010-12-20 12:46:46,137.06,100%,"The day dawned bleak and chill, a moving wall of gray light ...",Win (1 of 3)
140.,2010-12-20 12:45:36,108.79,100%,I'd just like to point out that you were given every opportu...,No win (2 of 3)
139.,2010-12-20 12:14:20,134.09,100%,"Kid, I've flown from one side of this galaxy to the other, a...",No win (2 of 3)
138.,2010-12-20 12:13:34,121.12,100%,"This was the most delicious meal he'd had in recent years, a...",No win (2 of 2)
137.,2010-12-20 12:12:40,134.06,100%,"There is no physical separation after the slicing, so that e...",Win (1 of 2)
136.,2010-12-20 12:11:30,139.00,100%,Groups of illegal miners smuggle themselves down in freight ...,Win (1 of 2)
135.,2010-12-20 12:10:40,139.80,100%,"Warmer water increases the moisture content of storms, and w...",Win (1 of 2)
134.,2010-12-20 12:09:49,108.15,100%,"But, pray how could that which I spoke so many years ago, an...",Win (1 of 3)
133.,2010-12-20 12:08:13,123.64,100%,"Hello, hello, hello, is there anybody in there? Just nod if ...",No win (2 of 4)
132.,2010-12-20 11:58:33,105.73,100%,"We turn away to face the cold, enduring chill, as the day be...",Win (1 of 3)
131.,2010-12-20 11:57:13,137.43,100%,"The idea of ""Mr. Right"" has been passed down over the genera...",Win (1 of 4)
130.,2010-12-20 11:55:32,117.56,100%,The only preventive thing I do is wash clothes after buying ...,Win (1 of 5)
129.,2010-12-20 10:25:51,114.22,100%,"But older than me now, more constant, more real, and the fur...",Win (1 of 2)
128.,2010-12-20 10:24:35,122.63,100%,"After removal from the oven, the pizza is sliced and plated ...",Win (1 of 4)
127.,2010-12-20 10:23:33,92.02,100%,Every time I think of you I feel shot right through with a b...,No win (5 of 5)
126.,2010-12-20 10:22:33,108.79,100%,"Life is not suffering; it's just that you will suffer it, ra...",No win (3 of 3)
125.,2010-12-20 10:21:46,129.89,100%,"Many people limit themselves to leading boring, dull lives b...",Win (1 of 5)
124.,2010-12-20 10:19:17,120.76,100%,"No man is an island, entire of itself; every man is a piece ...",Win (1 of 2)
123.,2010-12-20 10:08:49,117.52,100%,Once you get into the processed foods you have to be a fairl...,No win (2 of 4)
122.,2010-12-20 10:08:08,125.08,100%,"Do you smell that? Napalm, son. Nothing else in the world sm...",No win (3 of 5)
121.,2010-12-20 10:05:42,126.25,100%,Step out the front door like a ghost into the fog where no o...,Win (1 of 5)
120.,2010-12-20 10:04:33,75.51,100%,"Double, double, toil and trouble; fire burn, and cauldron bu...",No win (2 of 2)
119.,2010-12-20 10:03:16,104.06,100%,"There is no physical separation after the slicing, so that e...",No win (4 of 4)
118.,2010-12-20 10:02:29,127.89,100%,We sit silently and watch the world around us. This has take...,No win (2 of 5)
117.,2010-12-20 09:59:55,104.71,100%,"I don't want tickets, I need you to find me a painting, a cl...",Win (1 of 3)
116.,2010-12-20 09:57:28,133.23,100%,"Imagine a vast sheet of paper on which straight Lines, Trian...",No win (2 of 5)
115.,2010-12-20 09:31:55,105.39,100%,"When I really worry about something, I don't just fool aroun...",Win (1 of 2)
114.,2010-12-20 09:31:16,135.85,100%,"I can feel the heat closing in, feel them out there making t...",Win (1 of 3)
113.,2010-12-20 09:27:59,130.59,100%,"Wilkinson County was a recipient of one of the new ""separate...",Win (1 of 2)
112.,2010-12-20 09:26:25,105.41,100%,Any finite number divided by infinity is as near to nothing ...,No win (3 of 3)
111.,2010-12-20 09:14:01,123.03,100%,Being able to quit things that don't work is integral to bei...,Win (1 of 4)
110.,2010-12-20 09:11:08,108.26,100%,It is possible that I already had some presentiment of my fu...,No win (4 of 4)
109.,2010-12-20 09:10:23,113.20,100%,Few smart kids can spare the attention that popularity requi...,Win (1 of 5)
108.,2010-12-20 09:08:28,91.66,100%,"If you don't get what you want, you suffer; if you get what ...",No win (2 of 3)
107.,2010-12-20 09:03:15,108.41,100%,For it is not enough to have a good mind; the main thing is ...,Win (1 of 4)
106.,2010-12-20 08:29:14,136.76,100%,"It turned out that the sweet-talking, tattoo-sporting pikey ...",Win (1 of 3)
105.,2010-12-20 08:27:56,110.64,100%,"The National Rifle Association says that, ""Guns don't kill p...",No win (1 of 1)
104.,2010-12-20 08:27:05,93.17,100%,There are very few things I wish I could change about those ...,No win (3 of 3)
103.,2010-12-20 08:25:23,134.96,100%,Groups of illegal miners smuggle themselves down in freight ...,Win (1 of 3)
102.,2010-12-20 08:24:29,99.37,100%,Unlike the other four senses located in the logical regions ...,No win (3 of 3)
101.,2010-12-20 08:23:40,125.00,100%,Facts can be thought of as objective or subjective. Things a...,No win (2 of 4)
100.,2010-12-20 08:22:11,115.84,100%,"The melted mozzarella layer, which we shall designate MML, i...",Win (1 of 3)
99.,2010-12-20 08:20:06,102.69,100%,"If you are given too many choices, if you are forced to cons...",No win (2 of 3)
98.,2010-12-20 08:19:17,129.81,100%,Step out the front door like a ghost into the fog where no o...,Win (1 of 2)
97.,2010-12-20 08:17:27,74.04,100%,With the coming of Dean Moriarty began the part of my life y...,No win (3 of 4)
96.,2010-12-20 08:16:01,125.40,100%,In order to become an elf I filled out ten pages' worth of f...,No win (2 of 5)
95.,2010-12-20 08:15:14,128.69,100%,"Yes, the newspapers were right: snow was general all over Ir...",No win (2 of 4)
94.,2010-12-20 08:14:11,137.85,100%,"Today, computers have taken this ancient art out of the craf...",Win (1 of 2)
93.,2010-12-20 08:13:20,112.99,100%,Is it really necessary to send that email? The more emails y...,Win (1 of 3)
92.,2010-12-20 08:12:28,123.93,100%,"Keying text quickly is important, but it is more important t...",Win (1 of 5)
91.,2010-12-20 08:02:53,89.55,100%,"Yes, the newspapers were right: snow was general all over Ir...",Win (1 of 4)
90.,2010-12-20 08:01:57,100.65,100%,All that year the animals worked like slaves. But they were ...,Win (1 of 3)
89.,2010-12-20 08:01:05,112.79,100%,"My darling, you have to be standing up in order to be able t...",Win (1 of 3)
88.,2010-12-20 08:00:20,133.74,100%,"And today, Lady Liberty is under attack from the cable chann...",Win (1 of 3)
87.,2010-12-20 07:58:35,129.14,100%,"Good evening, London. Allow me first to apologize for this i...",Win (1 of 2)
86.,2010-12-20 07:57:32,96.11,100%,Remember that humor is written backwards. That means you fir...,No win (3 of 3)
85.,2010-12-20 07:56:37,131.54,100%,Let's face it: there are tons of things in your home and lif...,Win (1 of 2)
84.,2010-12-20 07:48:30,109.80,100%,"A computer needs a manager to administer its operations, jus...",Win (1 of 3)
83.,2010-12-20 07:47:25,80.83,100%,"Everyone said I was daft to build a castle on a swamp, but I...",No win (4 of 4)
82.,2010-12-20 07:46:14,127.31,100%,The basic concept is simple: a satellite in geosynchronous o...,No win (1 of 1)
81.,2010-12-20 07:45:17,104.51,100%,But the two men were not lonely at all. At home they were co...,Win (1 of 3)
80.,2010-12-20 07:43:49,122.65,100%,"Let me get this straight. You think that your client, one of...",Win (1 of 4)
79.,2010-12-20 07:40:26,109.81,100%,Let me tell you why you're here. You're here because you kno...,No win (2 of 3)
78.,2010-12-20 07:39:25,105.39,100%,"My darling, you have to be standing up in order to be able t...",Win (1 of 5)
77.,2010-12-20 07:38:43,104.93,100%,All the blue light reflections that color my mind when I sle...,Win (1 of 2)
76.,2010-12-20 07:37:51,116.32,100%,He had spent enormous amounts of time at the great libraries...,Win (1 of 3)
75.,2010-12-20 07:34:12,118.30,100%,I am learning about twenty new Italian words a day. Where am...,Win (1 of 3)
74.,2010-12-20 07:29:21,67.67,100%,There's a hole in the world like a great black pit. And the ...,No win (3 of 4)
73.,2010-12-20 07:28:25,111.83,100%,Come sail your ships around me and burn your bridges down. W...,Win (1 of 2)
72.,2010-12-20 07:26:32,103.27,100%,The time has come for man to set himself a goal. The time ha...,No win (2 of 3)
71.,2010-12-20 07:25:15,100.79,100%,"The melted mozzarella layer, which we shall designate MML, i...",No win (1 of 1)
70.,2010-12-20 07:24:21,115.73,100%,"Let me get this straight. You think that your client, one of...",Win (1 of 2)
69.,2010-12-20 07:23:29,107.88,100%,"I was shaking like a leaf, so without thinking I lit up a ci...",Win (1 of 4)
68.,2010-12-20 07:18:51,126.54,100%,I said that I would see you because I had heard that you wer...,No win (1 of 1)
67.,2010-12-20 07:13:54,102.45,100%,The theory of music emphasizes the elements from which music...,No win (2 of 4)
66.,2010-12-19 09:36:48,79.71,100%,There is something about yourself that you don't know. Somet...,No win (3 of 3)
65.,2010-12-19 09:35:49,86.60,100%,I don't know why he saved my life. Maybe in those last momen...,No win (3 of 5)
64.,2010-12-19 09:35:02,91.78,100%,And I don't believe in the existence of angels but looking a...,No win (3 of 3)
63.,2010-12-19 09:34:10,102.28,100%,"Common knowledge has bicyclists always riding into the wind,...",Win (1 of 3)
62.,2010-12-19 09:32:50,97.08,100%,These contests provided ample opportunity to demonstrate the...,Win (1 of 5)
61.,2010-12-19 09:32:03,101.16,100%,"I'm so glad you came, I'm so glad you remembered, the walkin...",Win (1 of 4)
60.,2010-12-19 09:31:20,47.48,100%,"When I was your age, television was called books. And this i...",No win (2 of 2)
59.,2010-12-19 09:30:11,84.14,100%,Music finds a comfortable parallel with that of human langua...,No win (2 of 3)
58.,2010-12-19 09:27:28,86.98,100%,"But no matter how effective the lesson was, I never really u...",No win (2 of 4)
57.,2010-12-19 09:26:35,127.91,100%,"As customers of all races, nationalities, and cultures visit...",Win (1 of 2)
56.,2010-12-19 09:25:17,123.11,100%,The pickpockets' profession demands extraordinary nimbleness...,No win (1 of 1)
55.,2010-12-19 09:22:56,95.68,100%,Parisian French is different from Provincial French and Germ...,Win (1 of 4)
54.,2010-12-19 09:22:18,78.23,100%,"The problem is, Willie, is that Charles and yourself are not...",No win (3 of 5)
53.,2010-12-19 09:18:43,79.92,100%,"Wilkinson County was a recipient of one of the new ""separate...",No win (2 of 2)
52.,2010-12-19 09:15:12,130.29,100%,Any finite number divided by infinity is as near to nothing ...,Win (1 of 4)
51.,2010-12-19 09:13:42,98.36,100%,"Many people limit themselves to leading boring, dull lives b...",Win (1 of 4)
50.,2010-12-19 09:06:51,97.36,100%,Gardeners know how to grow top-notch crops. They determine w...,Win (1 of 2)
49.,2010-12-19 09:03:46,97.32,100%,"Time is tricky. You have whole months, even years, when noth...",Win (1 of 2)
48.,2010-12-19 09:01:01,91.63,100%,"Right, I am going to tell you how this works. You're going i...",No win (3 of 3)
47.,2010-12-19 08:58:14,105.49,100%,"Right, I am going to tell you how this works. You're going i...",Win (1 of 2)
46.,2010-12-17 13:59:43,141.12,100%,The evidence in the standard history of Qwerty versus Dvorak...,Win (1 of 5)
45.,2010-12-17 13:55:26,87.04,100%,"Look, you should admit to yourself that Microsoft will miss ...",No win (2 of 3)
44.,2010-12-17 13:54:08,103.44,100%,"It turned out that the sweet-talking, tattoo-sporting pikey ...",Win (1 of 3)
43.,2010-12-17 13:52:42,109.16,100%,"This planet has, or rather had, a problem, which was this: m...",Win (1 of 4)
42.,2010-12-17 13:46:20,67.53,100%,If you're working out in front of a mirror and watching your...,No win (4 of 5)
41.,2010-12-17 10:44:29,93.95,100%,We've arranged a global civilization in which most crucial e...,Win (1 of 3)
40.,2010-12-17 10:41:23,61.01,100%,"This planet has, or rather had, a problem, which was this: m...",No win (3 of 3)
39.,2010-12-17 10:39:38,69.14,100%,"If you are given too many choices, if you are forced to cons...",No win (5 of 5)
38.,2010-12-17 10:38:13,96.08,100%,To drive out of the Central Valley of California on a hot da...,Win (1 of 2)
37.,2010-12-17 10:35:11,114.37,100%,"The boy has not a real choice, has he? Self-interest, the fe...",Win (1 of 3)
36.,2010-12-17 10:32:23,103.24,100%,"Wilkinson County was a recipient of one of the new ""separate...",Win (1 of 2)
35.,2010-12-17 10:31:07,92.97,100%,"To evaluate an option from the other side's point of view, c...",Win (1 of 2)
34.,2010-12-17 10:28:47,68.14,100%,Aztec rule was based upon a system of tribute and fear over ...,No win (3 of 3)
33.,2010-12-17 10:26:41,93.88,100%,"In general, many of these targets are easier marks if you ar...",Win (1 of 4)
32.,2010-12-17 10:24:36,86.74,100%,"Picking up the pieces, half alive in a nine 'til five, vacan...",Win (1 of 4)
31.,2010-12-17 10:23:22,110.36,100%,"Imagine a vast sheet of paper on which straight Lines, Trian...",Win (1 of 5)
30.,2010-12-17 10:22:14,69.07,100%,Lucid but wholly false recollections can easily be induced b...,No win (3 of 3)
29.,2010-12-17 09:15:14,107.83,100%,The only message I got was from the company that holds my st...,No win (2 of 4)
28.,2010-12-17 09:12:42,86.26,100%,"Oh bliss! Bliss and heaven! Oh, it was gorgeousness and gorg...",Win (1 of 2)
27.,2010-12-17 06:28:33,78.88,100%,"You have a class of young strong men and women, and they wan...",No win (2 of 4)
26.,2010-12-17 06:27:21,80.61,100%,"That day, for no particular reason, I decided to go for a li...",No win (2 of 3)
25.,2010-12-17 06:24:24,83.21,100%,"You found paradise in America. You had a good trade, made a ...",No win (2 of 5)
24.,2010-12-17 06:23:12,82.46,100%,"Kid, I've flown from one side of this galaxy to the other, a...",No win (3 of 3)
23.,2010-12-17 06:22:04,79.62,100%,"As the netted bag says, this potato was grown in Idaho, that...",Win (1 of 2)
22.,2010-12-16 16:31:53,108.73,100%,He managed to open the cupboard door with his nose and found...,Win (1 of 3)
21.,2010-12-16 14:07:52,99.51,100%,"You just couldn't let me go, could you? This is what happens...",Win (1 of 4)
20.,2010-12-16 14:04:47,102.89,100%,"However, let us leave aside the philosophical, social, and e...",No win (2 of 4)
19.,2010-12-16 14:03:25,103.82,100%,"Warmer water increases the moisture content of storms, and w...",Win (1 of 2)
18.,2010-12-16 14:00:24,97.92,100%,I never said I would stay to the end - I knew I would leave ...,Win (1 of 2)
17.,2010-12-16 13:58:57,105.89,100%,Supermarket aisles are the perfect place to practice your gl...,Win (1 of 4)
16.,2010-12-16 13:54:56,91.46,100%,He canceled all his commitments and pulled together the most...,Win (1 of 4)
15.,2010-12-16 13:52:25,88.27,100%,Corn is what feeds the steer that becomes the steak. Corn fe...,Win (1 of 3)
14.,2010-12-16 13:50:28,50.02,100%,"Anyway, like I was saying, shrimp is the fruit of the sea. Y...",Win (1 of 2)
13.,2010-12-16 13:48:26,77.88,100%,Had dreams. Two of 'em. Both had my father. It's peculiar. I...,Win (1 of 2)
12.,2010-12-16 13:43:05,87.00,100%,All time is all time. It does not change. It does not lend i...,No win (2 of 5)
11.,2010-12-16 13:38:05,77.57,100%,"I had a job, I had a girl. I had something going, mister, in...",No win (1 of 1)
10.,2010-12-16 13:36:26,73.51,100%,"Hi, and welcome to the future. San Dimas, California, 2688. ...",Win (1 of 3)
9.,2010-12-16 13:35:10,88.07,100%,I sincerely believe that if women study male lessons on conc...,Win (1 of 3)
8.,2010-12-16 13:33:27,67.96,100%,"No man is an island, entire of itself; every man is a piece ...",Win (1 of 3)
7.,2010-12-16 13:30:54,75.22,100%,By studying the cooling of pizza in the gravity free environ...,Win (1 of 5)
6.,2010-12-16 13:29:33,57.02,100%,"Trudging slowly over wet sand, back to the bench where your ...",No win (2 of 5)
5.,2010-12-16 13:26:50,28.67,100%,"That's Tommy. He tells people he was named after a gun, but ...",No win (4 of 5)
4.,2010-12-16 10:46:34,61.86,100%,"Today, computers have taken this ancient art out of the craf...",Win (1 of 3)
3.,2010-12-16 10:44:47,48.99,100%,"But no matter how effective the lesson was, I never really u...",No win (2 of 5)
2.,2010-12-16 10:43:28,77.16,100%,"There is no pain, you are receding. A distant ship smoke on ...",No win (2 of 4)
1.,2010-12-16 10:42:17,29.61,100%,You've got a way to keep me on your side. You give me cause ...,No win (4 of 4)
